contract_no,cust_id,snapshot_date_d0,snapshot_date_dn,risk_segment_d0,risk_segment_dn,recovery_score_d0,recovery_score_dn,dpd_current_d0,dpd_current_dn,nba_recommendation_d0,nba_recommendation_dn,priority_level_d0,priority_level_dn,total_ots_d0,total_ots_dn,recovery_score_delta,dpd_delta,segment_changed,nba_changed
CTR-00001-1,CUST-00001,2026-08-01,2026-08-31,Can Pay,Can Pay,0.6657,0.8141,615,645,Deskcoll,Deskcoll,Medium,Medium,6896000.0,6896000.0,0.1484000000000001,30,False,False
CTR-00001-2,CUST-00001,2026-08-01,2026-08-31,Cannot Pay,Can Pay,0.3578,0.8883,687,717,Visit,Deskcoll,Medium,Low,3780000.0,3780000.0,0.5305,30,True,True
CTR-00002-1,CUST-00002,2026-08-01,2026-08-31,Cannot Pay,Won't Pay,0.304,0.2499,310,340,Visit,Somasi,High,Critical,6149000.0,5590000.0,-0.05409999999999998,30,True,True
CTR-00002-2,CUST-00002,2026-08-01,2026-08-31,Won't Pay,Won't Pay,0.2674,0.2952,0,12,Visit,Visit,High,High,4008000.0,4008000.0,0.02779999999999999,12,False,False
CTR-00003-1,CUST-00003,2026-08-01,2026-08-31,Cannot Pay,Cannot Pay,0.3986,0.381,202,232,Visit,Visit,Critical,Critical,56280000.0,48240000.0,-0.017600000000000005,30,False,False
CTR-00004-1,CUST-00004,2026-08-01,2026-08-31,Cannot Pay,Cannot Pay,0.4938,0.4484,459,489,Visit,Visit,Critical,Critical,25410000.0,21175000.0,-0.045399999999999996,30,False,False
CTR-00004-2,CUST-00004,2026-08-01,2026-08-31,Cannot Pay,Cannot Pay,0.4185,0.4806,267,297,Visit,Visit,High,High,18452000.0,17134000.0,0.062100000000000044,30,False,False
CTR-00005-1,CUST-00005,2026-08-01,2026-08-31,Won't Pay,Won't Pay,0.1109,0.093,585,615,Somasi,Somasi,Critical,Critical,13032000.0,13032000.0,-0.0179,30,False,False
CTR-00005-2,CUST-00005,2026-08-01,2026-08-31,Won't Pay,Won't Pay,0.0548,0.1199,219,249,Somasi,Somasi,Critical,Critical,15456000.0,15456000.0,0.0651,30,False,False
CTR-00005-3,CUST-00005,2026-08-01,2026-08-31,Won't Pay,Won't Pay,0.0608,0.0439,377,407,Somasi,Somasi,Critical,Critical,9288000.0,9288000.0,-0.0169,30,False,False
CTR-00006-1,CUST-00006,2026-08-01,2026-08-31,Cannot Pay,Can Pay,0.434,0.5882,449,479,Visit,Visit,Medium,Low,4560000.0,4560000.0,0.15419999999999995,30,True,False
CTR-00006-2,CUST-00006,2026-08-01,2026-08-31,Cannot Pay,Cannot Pay,0.4695,0.4271,239,269,Visit,Visit,High,High,12110000.0,12110000.0,-0.04239999999999999,30,False,False
CTR-00007-1,CUST-00007,2026-08-01,2026-08-31,Can Pay,Cannot Pay,0.5182,0.3054,133,163,Deskcoll,Visit,Medium,High,9009000.0,8316000.0,-0.2128,30,True,True
CTR-00008-1,CUST-00008,2026-08-01,2026-08-31,Can Pay,Can Pay,0.1282,0.1694,1,0,WA,WA,High,High,37840000.0,30960000.0,0.04119999999999999,-1,False,False
CTR-00008-2,CUST-00008,2026-08-01,2026-08-31,Cannot Pay,Can Pay,0.3351,0.2186,135,165,Visit,WA,Critical,Critical,53360000.0,42688000.0,-0.11650000000000002,30,True,True
CTR-00008-3,CUST-00008,2026-08-01,2026-08-31,Can Pay,Can Pay,0.6023,0.519,367,397,Deskcoll,Deskcoll,High,High,30670000.0,27603000.0,-0.08329999999999993,30,False,False
CTR-00009-1,CUST-00009,2026-08-01,2026-08-31,Cannot Pay,Cannot Pay,0.4384,0.3496,528,558,Visit,Visit,High,High,11748000.0,10680000.0,-0.08879999999999999,30,False,False
CTR-00010-1,CUST-00010,2026-08-01,2026-08-31,Won't Pay,Won't Pay,0.2694,0.164,373,403,Pickup,Pickup,Critical,Critical,27094000.0,25668000.0,-0.10539999999999997,30,False,False
CTR-00010-2,CUST-00010,2026-08-01,2026-08-31,Can Pay,Can Pay,0.5312,0.585,437,467,Deskcoll,Deskcoll,Critical,High,26068000.0,24206000.0,0.05379999999999996,30,False,False
CTR-00011-1,CUST-00011,2026-08-01,2026-08-31,Won't Pay,Won't Pay,0.1228,0.0856,724,754,Somasi,Somasi,Critical,Critical,27853000.0,26642000.0,-0.03720000000000001,30,False,False
CTR-00012-1,CUST-00012,2026-08-01,2026-08-31,Won't Pay,Won't Pay,0.1427,0.2836,294,324,Somasi,Somasi,Critical,Critical,22148000.0,22148000.0,0.14090000000000003,30,False,False
CTR-00013-1,CUST-00013,2026-08-01,2026-08-31,Cannot Pay,Cannot Pay,0.4941,0.4044,579,609,Visit,Visit,High,High,12624000.0,12624000.0,-0.0897,30,False,False
CTR-00013-2,CUST-00013,2026-08-01,2026-08-31,Won't Pay,Won't Pay,0.1175,0.1426,242,272,Somasi,Somasi,Critical,Critical,6312000.0,6312000.0,0.02510000000000001,30,False,False
CTR-00013-3,CUST-00013,2026-08-01,2026-08-31,Won't Pay,Won't Pay,0.0478,0.0549,546,576,Somasi,Somasi,Critical,Critical,7200000.0,6400000.0,0.007099999999999995,30,False,False
CTR-00014-1,CUST-00014,2026-08-01,2026-08-31,Can Pay,Cannot Pay,0.5257,0.3556,241,271,Deskcoll,Visit,High,Critical,34900000.0,31410000.0,-0.17009999999999992,30,True,True
CTR-00015-1,CUST-00015,2026-08-01,2026-08-31,Won't Pay,Won't Pay,0.1026,0.0843,656,686,Somasi,Somasi,Critical,Critical,5676000.0,5676000.0,-0.018299999999999997,30,False,False
CTR-00016-1,CUST-00016,2026-08-01,2026-08-31,Can Pay,Can Pay,0.7419,0.6313,770,800,Deskcoll,Deskcoll,Medium,Medium,5388000.0,5388000.0,-0.11060000000000003,30,False,False
CTR-00017-1,CUST-00017,2026-08-01,2026-08-31,Won't Pay,Won't Pay,0.1341,0.1716,592,622,Somasi,Somasi,Critical,Critical,8180000.0,7771000.0,0.037500000000000006,30,False,False
CTR-00017-2,CUST-00017,2026-08-01,2026-08-31,Won't Pay,Won't Pay,0.0836,0.0769,176,206,Somasi,Somasi,Critical,Critical,9061000.0,9061000.0,-0.006699999999999998,30,False,False
CTR-00017-3,CUST-00017,2026-08-01,2026-08-31,Won't Pay,Won't Pay,0.09,0.0532,376,406,Visit,Visit,High,High,4842000.0,4842000.0,-0.0368,30,False,False
CTR-00018-1,CUST-00018,2026-08-01,2026-08-31,Won't Pay,Won't Pay,0.1779,0.1122,182,212,Somasi,Somasi,Critical,Critical,23254000.0,23254000.0,-0.06570000000000001,30,False,False
CTR-00020-1,CUST-00020,2026-08-01,2026-08-31,Cannot Pay,Cannot Pay,0.3059,0.3924,159,189,Visit,Visit,Critical,High,24120000.0,14472000.0,0.08650000000000002,30,False,False
CTR-00020-2,CUST-00020,2026-08-01,2026-08-31,Can Pay,Can Pay,0.0354,0.2841,117,147,Deskcoll,Deskcoll,High,Medium,17966000.0,17966000.0,0.24870000000000003,30,False,False
CTR-00021-1,CUST-00021,2026-08-01,2026-08-31,Won't Pay,Won't Pay,0.0856,0.1111,770,800,Somasi,Somasi,Critical,Critical,26532000.0,26532000.0,0.02550000000000001,30,False,False
CTR-00022-1,CUST-00022,2026-08-01,2026-08-31,Can Pay,Can Pay,0.5537,0.5241,244,274,Deskcoll,Deskcoll,Medium,Medium,8940000.0,8195000.0,-0.02959999999999996,30,False,False
CTR-00022-2,CUST-00022,2026-08-01,2026-08-31,Can Pay,Can Pay,0.6587,0.7552,384,414,Deskcoll,Deskcoll,Medium,Medium,6222000.0,6222000.0,0.09650000000000003,30,False,False
CTR-00023-1,CUST-00023,2026-08-01,2026-08-31,Cannot Pay,Can Pay,0.3565,0.7722,238,268,Visit,Deskcoll,Critical,High,44217000.0,44217000.0,0.4157,30,True,True
CTR-00024-1,CUST-00024,2026-08-01,2026-08-31,Cannot Pay,Can Pay,0.4481,0.5341,557,587,Visit,Deskcoll,High,Medium,7850000.0,6280000.0,0.08600000000000002,30,True,True
CTR-00025-1,CUST-00025,2026-08-01,2026-08-31,Won't Pay,Won't Pay,0.1675,0.2752,289,319,Somasi,Somasi,Critical,Critical,5049000.0,5049000.0,0.10769999999999999,30,False,False
CTR-00026-1,CUST-00026,2026-08-01,2026-08-31,Won't Pay,Won't Pay,0.0518,0.083,313,343,Somasi,Somasi,Critical,Critical,5445000.0,5445000.0,0.031200000000000006,30,False,False
CTR-00027-1,CUST-00027,2026-08-01,2026-08-31,Won't Pay,Can Pay,0.1521,0.6133,144,174,Somasi,Deskcoll,Critical,Medium,9462000.0,9462000.0,0.46119999999999994,30,True,True
CTR-00027-2,CUST-00027,2026-08-01,2026-08-31,Won't Pay,Won't Pay,0.2992,0.2068,154,184,Somasi,Somasi,Critical,Critical,13600000.0,13600000.0,-0.09240000000000001,30,False,False
CTR-00027-3,CUST-00027,2026-08-01,2026-08-31,Won't Pay,Can Pay,0.1934,0.567,603,633,Visit,Deskcoll,Critical,Medium,4710000.0,4710000.0,0.37359999999999993,30,True,True
CTR-00028-1,CUST-00028,2026-08-01,2026-08-31,Can Pay,Can Pay,0.7989,0.7187,257,287,Deskcoll,Deskcoll,High,High,33474000.0,28692000.0,-0.08020000000000005,30,False,False
CTR-00028-2,CUST-00028,2026-08-01,2026-08-31,Can Pay,Can Pay,0.593,0.5263,394,424,Deskcoll,Deskcoll,Medium,Medium,18966000.0,15805000.0,-0.06669999999999998,30,False,False
CTR-00029-1,CUST-00029,2026-08-01,2026-08-31,Won't Pay,Won't Pay,0.2133,0.2192,172,202,Somasi,Somasi,Critical,Critical,7680000.0,7680000.0,0.005900000000000016,30,False,False
CTR-00029-2,CUST-00029,2026-08-01,2026-08-31,Cannot Pay,Cannot Pay,0.4028,0.3659,137,167,Visit,Visit,Medium,Medium,2856000.0,2380000.0,-0.03689999999999999,30,False,False
CTR-00030-1,CUST-00030,2026-08-01,2026-08-31,Cannot Pay,Won't Pay,0.3941,0.1732,172,202,Deskcoll,Visit,Medium,High,1704000.0,0.0,-0.2209,30,True,True
CTR-00031-1,CUST-00031,2026-08-01,2026-08-31,Cannot Pay,Cannot Pay,0.406,0.4193,140,170,Visit,Visit,High,High,10500000.0,10200000.0,0.013299999999999979,30,False,False
CTR-00031-2,CUST-00031,2026-08-01,2026-08-31,Won't Pay,Won't Pay,0.1871,0.2735,424,454,Somasi,Somasi,Critical,Critical,15200000.0,14250000.0,0.08640000000000003,30,False,False
CTR-00032-1,CUST-00032,2026-08-01,2026-08-31,Won't Pay,Won't Pay,0.0597,0.16,869,899,Somasi,Somasi,Critical,Critical,12427000.0,11696000.0,0.1003,30,False,False
CTR-00032-2,CUST-00032,2026-08-01,2026-08-31,Won't Pay,Won't Pay,0.0782,0.0593,497,527,Somasi,Somasi,Critical,Critical,9440000.0,8260000.0,-0.018900000000000007,30,False,False
CTR-00033-1,CUST-00033,2026-08-01,2026-08-31,Won't Pay,Can Pay,0.2872,0.5769,268,298,Somasi,Visit,Critical,High,11101000.0,11101000.0,0.28969999999999996,30,True,True
CTR-00034-1,CUST-00034,2026-08-01,2026-08-31,Won't Pay,Won't Pay,0.1212,0.1308,398,428,Somasi,Somasi,Critical,Critical,12848000.0,12848000.0,0.009599999999999997,30,False,False
CTR-00035-1,CUST-00035,2026-08-01,2026-08-31,Won't Pay,Won't Pay,0.1772,0.048,277,307,Somasi,Somasi,Critical,Critical,21588000.0,20560000.0,-0.12919999999999998,30,False,False
CTR-00036-1,CUST-00036,2026-08-01,2026-08-31,Won't Pay,Won't Pay,0.1479,0.0787,284,314,Pickup,Pickup,Critical,Critical,25365000.0,23674000.0,-0.0692,30,False,False
CTR-00036-2,CUST-00036,2026-08-01,2026-08-31,Won't Pay,Won't Pay,0.2237,0.23,158,188,Somasi,Somasi,Critical,Critical,11472000.0,11472000.0,0.0063,30,False,False
CTR-00036-3,CUST-00036,2026-08-01,2026-08-31,Can Pay,Cannot Pay,0.5325,0.3994,374,404,Deskcoll,Visit,Medium,High,13326000.0,13326000.0,-0.1331,30,True,True
CTR-00037-1,CUST-00037,2026-08-01,2026-08-31,Won't Pay,Cannot Pay,0.2252,0.312,153,183,Somasi,Visit,Critical,High,9528000.0,8734000.0,0.08679999999999999,30,True,True
CTR-00037-2,CUST-00037,2026-08-01,2026-08-31,Won't Pay,Cannot Pay,0.0647,0.3316,494,524,Visit,Visit,Critical,High,3971000.0,3971000.0,0.2669,30,True,False
CTR-00037-3,CUST-00037,2026-08-01,2026-08-31,Can Pay,Can Pay,0.539,0.7751,345,375,Deskcoll,Deskcoll,Low,Low,4544000.0,4544000.0,0.23609999999999998,30,False,False
CTR-00038-1,CUST-00038,2026-08-01,2026-08-31,Cannot Pay,Can Pay,0.3316,0.7022,405,435,Visit,Deskcoll,High,Medium,6818000.0,6818000.0,0.37060000000000004,30,True,True
CTR-00038-2,CUST-00038,2026-08-01,2026-08-31,Won't Pay,Won't Pay,0.2182,0.1809,188,218,Somasi,Somasi,Critical,Critical,6504000.0,6504000.0,-0.0373,30,False,False
CTR-00039-1,CUST-00039,2026-08-01,2026-08-31,Cannot Pay,Won't Pay,0.3816,0.143,590,620,Visit,Somasi,Critical,Critical,10469000.0,10469000.0,-0.2386,30,True,True
CTR-00040-1,CUST-00040,2026-08-01,2026-08-31,Cannot Pay,Won't Pay,0.3142,0.2646,437,467,Visit,Somasi,High,Critical,14915000.0,14915000.0,-0.04959999999999998,30,True,True
CTR-00040-2,CUST-00040,2026-08-01,2026-08-31,Won't Pay,Can Pay,0.2976,0.8346,159,189,Somasi,Deskcoll,Critical,Medium,14904000.0,14904000.0,0.537,30,True,True
CTR-00041-1,CUST-00041,2026-08-01,2026-08-31,Won't Pay,Won't Pay,0.1876,0.141,167,197,Pickup,Pickup,Critical,Critical,55246000.0,55246000.0,-0.0466,30,False,False
CTR-00041-2,CUST-00041,2026-08-01,2026-08-31,Won't Pay,Won't Pay,0.0655,0.1494,425,455,Pickup,Pickup,Critical,Critical,46998000.0,46998000.0,0.0839,30,False,False
CTR-00041-3,CUST-00041,2026-08-01,2026-08-31,Won't Pay,Can Pay,0.2713,0.6091,253,283,Pickup,Deskcoll,Critical,High,56412000.0,51711000.0,0.3378,30,True,True
CTR-00042-1,CUST-00042,2026-08-01,2026-08-31,Won't Pay,Won't Pay,0.1316,0.0608,166,196,Somasi,Somasi,Critical,Critical,14960000.0,14960000.0,-0.0708,30,False,False
CTR-00043-1,CUST-00043,2026-08-01,2026-08-31,Won't Pay,Cannot Pay,0.2554,0.3675,568,598,Somasi,Visit,Critical,High,11856000.0,10868000.0,0.11209999999999998,30,True,True
CTR-00046-1,CUST-00046,2026-08-01,2026-08-31,Won't Pay,Won't Pay,0.1774,0.1634,114,144,Somasi,Visit,Critical,Critical,8470000.0,4235000.0,-0.014000000000000012,30,False,True
CTR-00047-1,CUST-00047,2026-08-01,2026-08-31,Cannot Pay,Can Pay,0.3087,0.7877,534,564,Visit,Visit,Medium,Low,4545000.0,4545000.0,0.479,30,True,False
CTR-00048-1,CUST-00048,2026-08-01,2026-08-31,Won't Pay,Won't Pay,0.0906,0.0585,332,362,Somasi,Somasi,Critical,Critical,26484000.0,22070000.0,-0.0321,30,False,False
CTR-00049-1,CUST-00049,2026-08-01,2026-08-31,Won't Pay,Won't Pay,0.1453,0.2981,50,80,Somasi,Somasi,Critical,Critical,12340000.0,11106000.0,0.15279999999999996,30,False,False
CTR-00049-2,CUST-00049,2026-08-01,2026-08-31,Cannot Pay,Won't Pay,0.3588,0.0746,146,176,Visit,Somasi,Critical,Critical,7623000.0,7623000.0,-0.2842,30,True,True
CTR-00050-1,CUST-00050,2026-08-01,2026-08-31,Won't Pay,Can Pay,0.2489,0.54,564,594,Somasi,Deskcoll,Critical,Medium,13188000.0,13188000.0,0.2911,30,True,True
CTR-00050-2,CUST-00050,2026-08-01,2026-08-31,Won't Pay,Won't Pay,0.2396,0.2941,74,104,Visit,Visit,High,High,4536000.0,4158000.0,0.054499999999999965,30,False,False
CTR-00051-1,CUST-00051,2026-08-01,2026-08-31,Cannot Pay,Can Pay,0.3464,0.612,269,299,Visit,Deskcoll,Critical,Critical,50863000.0,50863000.0,0.2656,30,True,True
CTR-00051-2,CUST-00051,2026-08-01,2026-08-31,Can Pay,Can Pay,0.8397,0.8672,347,377,Deskcoll,Deskcoll,High,High,35181000.0,31272000.0,0.02749999999999997,30,False,False
CTR-00052-1,CUST-00052,2026-08-01,2026-08-31,Won't Pay,Won't Pay,0.1082,0.1291,76,106,Somasi,Somasi,Critical,Critical,6075000.0,5400000.0,0.020899999999999988,30,False,False
CTR-00053-1,CUST-00053,2026-08-01,2026-08-31,Won't Pay,Won't Pay,0.1015,0.1464,248,278,Somasi,Somasi,Critical,Critical,11890000.0,11890000.0,0.044899999999999995,30,False,False
CTR-00054-1,CUST-00054,2026-08-01,2026-08-31,Won't Pay,Won't Pay,0.2153,0.0804,483,513,Somasi,Somasi,Critical,Critical,42042000.0,40040000.0,-0.1349,30,False,False
CTR-00055-1,CUST-00055,2026-08-01,2026-08-31,Won't Pay,Won't Pay,0.2684,0.0928,650,680,Somasi,Somasi,Critical,Critical,9120000.0,9120000.0,-0.17560000000000003,30,False,False
CTR-00056-1,CUST-00056,2026-08-01,2026-08-31,Can Pay,Can Pay,0.5839,0.5253,242,272,Deskcoll,Deskcoll,Medium,Medium,18235000.0,18235000.0,-0.058599999999999985,30,False,False
CTR-00057-1,CUST-00057,2026-08-01,2026-08-31,Cannot Pay,Cannot Pay,0.4043,0.3754,66,96,Visit,Visit,High,High,9318000.0,7765000.0,-0.02889999999999998,30,False,False
CTR-00058-1,CUST-00058,2026-08-01,2026-08-31,Won't Pay,Won't Pay,0.1734,0.2317,642,672,Somasi,Somasi,Critical,Critical,14992000.0,14055000.0,0.05829999999999999,30,False,False
CTR-00059-1,CUST-00059,2026-08-01,2026-08-31,Can Pay,Cannot Pay,0.5711,0.4946,0,25,Visit,Visit,Medium,High,8988000.0,8988000.0,-0.07650000000000007,25,True,False
CTR-00060-1,CUST-00060,2026-08-01,2026-08-31,Won't Pay,Won't Pay,0.0824,0.1304,21,0,Visit,Visit,High,High,4090000.0,3272000.0,0.04799999999999999,-21,False,False
CTR-00061-1,CUST-00061,2026-08-01,2026-08-31,Can Pay,Can Pay,0.6497,0.5607,166,196,Deskcoll,Deskcoll,Medium,Medium,6559000.0,6559000.0,-0.08900000000000008,30,False,False
CTR-00061-2,CUST-00061,2026-08-01,2026-08-31,Won't Pay,Won't Pay,0.1758,0.0952,385,415,Somasi,Somasi,Critical,Critical,6566000.0,6566000.0,-0.0806,30,False,False
CTR-00062-1,CUST-00062,2026-08-01,2026-08-31,Won't Pay,Won't Pay,0.1445,0.2262,425,455,Pickup,Pickup,Critical,Critical,29628000.0,29628000.0,0.08170000000000002,30,False,False
CTR-00062-2,CUST-00062,2026-08-01,2026-08-31,Won't Pay,Won't Pay,0.1727,0.1271,612,642,Pickup,Pickup,Critical,Critical,27136000.0,27136000.0,-0.0456,30,False,False
CTR-00062-3,CUST-00062,2026-08-01,2026-08-31,Cannot Pay,Cannot Pay,0.3817,0.3896,244,274,Visit,Visit,Critical,Critical,36512000.0,36512000.0,0.007900000000000018,30,False,False
CTR-00063-1,CUST-00063,2026-08-01,2026-08-31,Won't Pay,Won't Pay,0.0935,0.1338,136,166,Somasi,Somasi,Critical,Critical,7210000.0,7210000.0,0.0403,30,False,False
CTR-00063-2,CUST-00063,2026-08-01,2026-08-31,Cannot Pay,Won't Pay,0.3091,0.2353,199,229,Visit,Somasi,High,Critical,13456000.0,13456000.0,-0.07379999999999998,30,True,True
CTR-00064-1,CUST-00064,2026-08-01,2026-08-31,Won't Pay,Won't Pay,0.0759,0.0774,172,202,Somasi,Somasi,Critical,Critical,10892000.0,10892000.0,0.0015000000000000013,30,False,False
CTR-00064-2,CUST-00064,2026-08-01,2026-08-31,Won't Pay,Won't Pay,0.1873,0.1457,268,298,Somasi,Somasi,Critical,Critical,11968000.0,11968000.0,-0.0416,30,False,False
CTR-00065-1,CUST-00065,2026-08-01,2026-08-31,Cannot Pay,Can Pay,0.4679,0.5262,427,457,Visit,Deskcoll,High,Medium,6244000.0,6021000.0,0.05830000000000002,30,True,True
CTR-00065-2,CUST-00065,2026-08-01,2026-08-31,Cannot Pay,Cannot Pay,0.4737,0.3557,536,566,Visit,Visit,High,High,9450000.0,9450000.0,-0.118,30,False,False
CTR-00066-1,CUST-00066,2026-08-01,2026-08-31,Won't Pay,Cannot Pay,0.2459,0.4972,279,309,Somasi,Visit,Critical,High,20020000.0,19019000.0,0.25129999999999997,30,True,True
CTR-00067-1,CUST-00067,2026-08-01,2026-08-31,Cannot Pay,Can Pay,0.3574,0.863,539,569,Visit,Deskcoll,Critical,High,43778000.0,43778000.0,0.5056,30,True,True
CTR-00068-1,CUST-00068,2026-08-01,2026-08-31,Won't Pay,Won't Pay,0.2146,0.1881,315,345,Somasi,Somasi,Critical,Critical,9603000.0,9603000.0,-0.026500000000000024,30,False,False
CTR-00069-1,CUST-00069,2026-08-01,2026-08-31,Won't Pay,Won't Pay,0.0441,0.0729,670,700,Somasi,Somasi,Critical,Critical,13860000.0,13860000.0,0.028800000000000006,30,False,False
CTR-00069-2,CUST-00069,2026-08-01,2026-08-31,Won't Pay,Won't Pay,0.1564,0.166,374,404,Visit,Visit,High,High,2615000.0,2092000.0,0.009599999999999997,30,False,False
CTR-00071-1,CUST-00071,2026-08-01,2026-08-31,Cannot Pay,Cannot Pay,0.4427,0.3267,596,626,Visit,Visit,High,Critical,11716000.0,8787000.0,-0.11599999999999999,30,False,False
CTR-00072-1,CUST-00072,2026-08-01,2026-08-31,Can Pay,Can Pay,0.5705,0.7703,354,384,Visit,Visit,Medium,Medium,10595000.0,10595000.0,0.19979999999999998,30,False,False
CTR-00073-1,CUST-00073,2026-08-01,2026-08-31,Cannot Pay,Cannot Pay,0.4367,0.431,388,418,Visit,Visit,Medium,Medium,4600000.0,4600000.0,-0.005699999999999983,30,False,False
CTR-00074-1,CUST-00074,2026-08-01,2026-08-31,Won't Pay,Won't Pay,0.0568,0.0763,679,709,Visit,Visit,Critical,Critical,4131000.0,4131000.0,0.019500000000000003,30,False,False
CTR-00075-1,CUST-00075,2026-08-01,2026-08-31,Can Pay,Can Pay,0.7229,0.7846,427,457,Deskcoll,Deskcoll,Medium,Medium,11520000.0,10080000.0,0.06169999999999998,30,False,False
CTR-00076-1,CUST-00076,2026-08-01,2026-08-31,Won't Pay,Won't Pay,0.2096,0.1414,237,267,Somasi,Somasi,Critical,Critical,10278000.0,10278000.0,-0.06820000000000001,30,False,False
CTR-00076-2,CUST-00076,2026-08-01,2026-08-31,Won't Pay,Won't Pay,0.1859,0.1297,172,202,Somasi,Somasi,Critical,Critical,10420000.0,10420000.0,-0.0562,30,False,False
CTR-00077-1,CUST-00077,2026-08-01,2026-08-31,Won't Pay,Won't Pay,0.073,0.098,501,531,Somasi,Somasi,Critical,Critical,22760000.0,22760000.0,0.02500000000000001,30,False,False
CTR-00078-1,CUST-00078,2026-08-01,2026-08-31,Won't Pay,Won't Pay,0.1459,0.0585,374,404,Somasi,Somasi,Critical,Critical,11401000.0,11401000.0,-0.0874,30,False,False
CTR-00078-2,CUST-00078,2026-08-01,2026-08-31,Can Pay,Can Pay,0.138,0.2221,159,189,Deskcoll,Deskcoll,Medium,Medium,8910000.0,7920000.0,0.08409999999999998,30,False,False
CTR-00079-1,CUST-00079,2026-08-01,2026-08-31,Cannot Pay,Can Pay,0.3659,0.8751,318,348,Visit,Deskcoll,Critical,High,22572000.0,22572000.0,0.5092,30,True,True
CTR-00080-1,CUST-00080,2026-08-01,2026-08-31,Won't Pay,Won't Pay,0.2588,0.1389,274,304,Somasi,Somasi,Critical,Critical,29440000.0,29440000.0,-0.11989999999999998,30,False,False
CTR-00080-2,CUST-00080,2026-08-01,2026-08-31,Won't Pay,Won't Pay,0.1458,0.1461,9,9,Somasi,Somasi,Critical,Critical,12866000.0,11947000.0,0.0002999999999999947,0,False,False
CTR-00081-1,CUST-00081,2026-08-01,2026-08-31,Won't Pay,Cannot Pay,0.2658,0.3026,200,230,Somasi,Visit,Critical,Critical,27685000.0,27685000.0,0.0368,30,True,True
CTR-00081-2,CUST-00081,2026-08-01,2026-08-31,Won't Pay,Won't Pay,0.1857,0.2017,196,226,Somasi,Pickup,Critical,Critical,63046000.0,60872000.0,0.015999999999999986,30,False,True
CTR-00081-3,CUST-00081,2026-08-01,2026-08-31,Can Pay,Won't Pay,0.6068,0.1349,588,618,Deskcoll,Pickup,Critical,Critical,23004000.0,21726000.0,-0.4719,30,True,True
CTR-00082-1,CUST-00082,2026-08-01,2026-08-31,Cannot Pay,Cannot Pay,0.4342,0.3225,190,220,Visit,Visit,High,High,11058000.0,10476000.0,-0.11169999999999997,30,False,False
CTR-00084-1,CUST-00084,2026-08-01,2026-08-31,Won't Pay,Won't Pay,0.254,0.2166,374,404,Somasi,Somasi,Critical,Critical,36990000.0,34524000.0,-0.03740000000000002,30,False,False
CTR-00085-1,CUST-00085,2026-08-01,2026-08-31,Cannot Pay,Won't Pay,0.3729,0.2143,672,702,Visit,Visit,Medium,High,2772000.0,2772000.0,-0.15860000000000002,30,True,False
CTR-00086-1,CUST-00086,2026-08-01,2026-08-31,Cannot Pay,Can Pay,0.4372,0.5134,195,225,Visit,Visit,High,Medium,7294000.0,7294000.0,0.07619999999999999,30,True,False
CTR-00086-2,CUST-00086,2026-08-01,2026-08-31,Won't Pay,Can Pay,0.2763,0.6064,421,451,Somasi,Deskcoll,Critical,Medium,7182000.0,6384000.0,0.33010000000000006,30,True,True
CTR-00087-1,CUST-00087,2026-08-01,2026-08-31,Won't Pay,Won't Pay,0.1218,0.0685,509,539,Somasi,Somasi,Critical,Critical,15856000.0,14865000.0,-0.0533,30,False,False
CTR-00087-2,CUST-00087,2026-08-01,2026-08-31,Can Pay,Cannot Pay,0.5032,0.473,167,197,Deskcoll,Visit,High,Critical,34776000.0,30429000.0,-0.030200000000000005,30,True,True
CTR-00088-1,CUST-00088,2026-08-01,2026-08-31,Cannot Pay,Can Pay,0.4224,0.887,417,447,Visit,Deskcoll,Critical,High,20930000.0,20930000.0,0.4646,30,True,True
CTR-00088-2,CUST-00088,2026-08-01,2026-08-31,Cannot Pay,Cannot Pay,0.3834,0.4361,340,370,Visit,Visit,High,High,19100000.0,17190000.0,0.05269999999999997,30,False,False
CTR-00089-1,CUST-00089,2026-08-01,2026-08-31,Won't Pay,Won't Pay,0.1301,0.0853,312,342,Somasi,Somasi,Critical,Critical,13740000.0,13740000.0,-0.04479999999999999,30,False,False
CTR-00090-1,CUST-00090,2026-08-01,2026-08-31,Won't Pay,Cannot Pay,0.2448,0.4153,333,363,Somasi,Visit,Critical,High,15095000.0,15095000.0,0.1705,30,True,True
CTR-00090-2,CUST-00090,2026-08-01,2026-08-31,Won't Pay,Won't Pay,0.054,0.0732,412,442,Pickup,Pickup,Critical,Critical,25200000.0,23940000.0,0.019200000000000002,30,False,False
CTR-00090-3,CUST-00090,2026-08-01,2026-08-31,Won't Pay,Won't Pay,0.0877,0.1956,605,635,Pickup,Pickup,Critical,Critical,22455000.0,22455000.0,0.1079,30,False,False
CTR-00091-1,CUST-00091,2026-08-01,2026-08-31,Can Pay,Can Pay,0.0882,0.06,0,0,WA,WA,Medium,Medium,2163000.0,1854000.0,-0.028200000000000003,0,False,False
CTR-00091-2,CUST-00091,2026-08-01,2026-08-31,Won't Pay,Won't Pay,0.2195,0.1234,183,213,Somasi,Somasi,Critical,Critical,8437000.0,7670000.0,-0.0961,30,False,False
CTR-00091-3,CUST-00091,2026-08-01,2026-08-31,Can Pay,Can Pay,0.6921,0.833,434,464,Deskcoll,Deskcoll,Medium,Medium,11924000.0,11924000.0,0.14089999999999991,30,False,False
CTR-00092-1,CUST-00092,2026-08-01,2026-08-31,Can Pay,Can Pay,0.6146,0.6186,377,407,Visit,Visit,High,High,26639000.0,26639000.0,0.0040000000000000036,30,False,False
CTR-00092-2,CUST-00092,2026-08-01,2026-08-31,Won't Pay,Won't Pay,0.1712,0.137,366,396,Somasi,Somasi,Critical,Critical,12120000.0,12120000.0,-0.03419999999999998,30,False,False
CTR-00093-1,CUST-00093,2026-08-01,2026-08-31,Can Pay,Cannot Pay,0.5765,0.4359,301,331,Deskcoll,Visit,High,Critical,29194000.0,27867000.0,-0.1406,30,True,True
CTR-00093-2,CUST-00093,2026-08-01,2026-08-31,Can Pay,Can Pay,0.1717,0.1545,295,325,Deskcoll,Deskcoll,High,High,54894000.0,50973000.0,-0.017199999999999993,30,False,False
CTR-00093-3,CUST-00093,2026-08-01,2026-08-31,Cannot Pay,Cannot Pay,0.4133,0.3289,411,441,Visit,Visit,High,High,16080000.0,13400000.0,-0.08439999999999998,30,False,False
CTR-00094-1,CUST-00094,2026-08-01,2026-08-31,Can Pay,Can Pay,0.5056,0.9434,228,258,Visit,Visit,High,High,34870000.0,34870000.0,0.43779999999999997,30,False,False
CTR-00095-1,CUST-00095,2026-08-01,2026-08-31,Won't Pay,Won't Pay,0.1916,0.1028,276,306,Somasi,Somasi,Critical,Critical,19513000.0,19513000.0,-0.08879999999999999,30,False,False
CTR-00096-1,CUST-00096,2026-08-01,2026-08-31,Can Pay,Can Pay,0.7818,0.5122,275,305,Deskcoll,Deskcoll,High,High,31344000.0,29385000.0,-0.26960000000000006,30,False,False
CTR-00097-1,CUST-00097,2026-08-01,2026-08-31,Can Pay,Can Pay,0.8422,0.8812,297,327,Deskcoll,Deskcoll,Medium,Medium,18720000.0,16640000.0,0.039000000000000035,30,False,False
CTR-00098-1,CUST-00098,2026-08-01,2026-08-31,Won't Pay,Won't Pay,0.0615,0.0519,171,201,Somasi,Somasi,Critical,Critical,9909000.0,9909000.0,-0.009599999999999997,30,False,False
CTR-00099-1,CUST-00099,2026-08-01,2026-08-31,Won't Pay,Won't Pay,0.2754,0.254,144,174,Somasi,Somasi,Critical,Critical,6692000.0,5736000.0,-0.021399999999999975,30,False,False
CTR-00099-2,CUST-00099,2026-08-01,2026-08-31,Won't Pay,Won't Pay,0.2596,0.1864,256,286,Somasi,Somasi,Critical,Critical,9576000.0,9576000.0,-0.07319999999999999,30,False,False
CTR-00100-1,CUST-00100,2026-08-01,2026-08-31,Won't Pay,Cannot Pay,0.2703,0.3363,287,317,Somasi,Visit,Critical,Critical,60608000.0,60608000.0,0.066,30,True,True
CTR-00101-1,CUST-00101,2026-08-01,2026-08-31,Won't Pay,Won't Pay,0.0165,0.0252,241,271,Somasi,Somasi,Critical,Critical,7839000.0,7839000.0,0.0087,30,False,False
CTR-00102-1,CUST-00102,2026-08-01,2026-08-31,Cannot Pay,Cannot Pay,0.4072,0.4912,177,207,Visit,Visit,Medium,Medium,4401000.0,4401000.0,0.08400000000000002,30,False,False
CTR-00102-2,CUST-00102,2026-08-01,2026-08-31,Can Pay,Can Pay,0.7747,0.7948,319,349,Deskcoll,Deskcoll,Medium,Medium,7832000.0,7120000.0,0.020099999999999896,30,False,False
CTR-00103-1,CUST-00103,2026-08-01,2026-08-31,Can Pay,Can Pay,0.65,0.6209,0,0,Deskcoll,Deskcoll,Medium,Medium,12243000.0,10494000.0,-0.029100000000000015,0,False,False
CTR-00103-2,CUST-00103,2026-08-01,2026-08-31,Can Pay,Can Pay,0.7069,0.8294,734,764,Deskcoll,Deskcoll,Medium,Medium,10640000.0,9310000.0,0.12250000000000005,30,False,False
CTR-00103-3,CUST-00103,2026-08-01,2026-08-31,Won't Pay,Won't Pay,0.2763,0.1781,186,216,Somasi,Visit,Critical,High,10330000.0,0.0,-0.09819999999999998,30,False,True
CTR-00104-1,CUST-00104,2026-08-01,2026-08-31,Cannot Pay,Cannot Pay,0.4182,0.432,0,14,Visit,Visit,High,High,1619000.0,1619000.0,0.013799999999999979,14,False,False
CTR-00104-2,CUST-00104,2026-08-01,2026-08-31,Can Pay,Can Pay,0.6127,0.4335,267,297,WA,Deskcoll,Medium,Medium,5052000.0,5052000.0,-0.17920000000000003,30,False,True
CTR-00105-1,CUST-00105,2026-08-01,2026-08-31,Cannot Pay,Cannot Pay,0.3719,0.3756,612,642,Visit,Visit,High,High,13920000.0,13920000.0,0.003699999999999981,30,False,False
CTR-00105-2,CUST-00105,2026-08-01,2026-08-31,Won't Pay,Won't Pay,0.0753,0.0708,454,484,Pickup,Pickup,Critical,Critical,20398000.0,20398000.0,-0.004500000000000004,30,False,False
CTR-00106-1,CUST-00106,2026-08-01,2026-08-31,Won't Pay,Won't Pay,0.0857,0.0775,135,165,Visit,Visit,High,High,4218000.0,4218000.0,-0.008199999999999999,30,False,False
CTR-00106-2,CUST-00106,2026-08-01,2026-08-31,Won't Pay,Won't Pay,0.1513,0.1249,154,184,Somasi,Somasi,Critical,Critical,15708000.0,15708000.0,-0.026399999999999993,30,False,False
CTR-00107-1,CUST-00107,2026-08-01,2026-08-31,Won't Pay,Won't Pay,0.0647,0.0539,97,127,Somasi,Somasi,Critical,Critical,5160000.0,5160000.0,-0.01079999999999999,30,False,False
CTR-00108-1,CUST-00108,2026-08-01,2026-08-31,Won't Pay,Won't Pay,0.0934,0.1064,239,269,Somasi,Somasi,Critical,Critical,7429000.0,7038000.0,0.012999999999999998,30,False,False
CTR-00108-2,CUST-00108,2026-08-01,2026-08-31,Won't Pay,Cannot Pay,0.2818,0.3855,166,196,Somasi,Visit,Critical,High,14067000.0,14067000.0,0.10370000000000001,30,True,True
CTR-00108-3,CUST-00108,2026-08-01,2026-08-31,Won't Pay,Can Pay,0.1589,0.5504,359,389,Somasi,Deskcoll,Critical,Medium,15552000.0,15552000.0,0.39149999999999996,30,True,True
CTR-00109-1,CUST-00109,2026-08-01,2026-08-31,Can Pay,Cannot Pay,0.5699,0.4309,187,217,Visit,Visit,Medium,High,6885000.0,6885000.0,-0.13899999999999996,30,True,False
CTR-00110-1,CUST-00110,2026-08-01,2026-08-31,Won't Pay,Cannot Pay,0.1537,0.4248,166,196,Somasi,Visit,Critical,Critical,32940000.0,32940000.0,0.2711,30,True,True
CTR-00111-1,CUST-00111,2026-08-01,2026-08-31,Won't Pay,Won't Pay,0.1884,0.1621,357,387,Visit,Visit,High,High,4704000.0,4704000.0,-0.026300000000000018,30,False,False
CTR-00112-1,CUST-00112,2026-08-01,2026-08-31,Can Pay,Can Pay,0.5655,0.7139,184,214,Deskcoll,Deskcoll,High,High,21642000.0,21642000.0,0.14839999999999998,30,False,False
CTR-00112-2,CUST-00112,2026-08-01,2026-08-31,Won't Pay,Can Pay,0.1694,0.7204,412,442,Somasi,Deskcoll,Critical,Medium,14232000.0,14232000.0,0.551,30,True,True
CTR-00113-1,CUST-00113,2026-08-01,2026-08-31,Can Pay,Can Pay,0.7753,0.7771,617,647,Deskcoll,Deskcoll,Medium,Medium,16680000.0,16680000.0,0.0018000000000000238,30,False,False
CTR-00114-1,CUST-00114,2026-08-01,2026-08-31,Won't Pay,Won't Pay,0.0749,0.0864,717,747,Somasi,Somasi,Critical,Critical,13720000.0,13720000.0,0.01150000000000001,30,False,False
CTR-00115-1,CUST-00115,2026-08-01,2026-08-31,Can Pay,Can Pay,0.8201,0.741,249,279,Deskcoll,Deskcoll,Medium,Medium,14328000.0,14328000.0,-0.07910000000000006,30,False,False
CTR-00116-1,CUST-00116,2026-08-01,2026-08-31,Cannot Pay,Cannot Pay,0.4911,0.4958,640,670,Visit,Visit,High,High,17578000.0,16544000.0,0.0047000000000000375,30,False,False
CTR-00116-2,CUST-00116,2026-08-01,2026-08-31,Cannot Pay,Cannot Pay,0.3182,0.4926,253,283,Visit,Visit,High,High,6104000.0,6104000.0,0.1744,30,False,False
CTR-00116-3,CUST-00116,2026-08-01,2026-08-31,Cannot Pay,Won't Pay,0.3858,0.2283,373,403,Visit,Somasi,High,Critical,8636000.0,8128000.0,-0.15749999999999997,30,True,True
CTR-00117-1,CUST-00117,2026-08-01,2026-08-31,Cannot Pay,Won't Pay,0.3424,0.2492,369,399,Visit,Somasi,High,Critical,16870000.0,16870000.0,-0.09319999999999998,30,True,True
CTR-00117-2,CUST-00117,2026-08-01,2026-08-31,Won't Pay,Cannot Pay,0.1109,0.3949,291,321,Pickup,Visit,Critical,Critical,56830000.0,56830000.0,0.284,30,True,True
CTR-00118-1,CUST-00118,2026-08-01,2026-08-31,Cannot Pay,Won't Pay,0.3293,0.1909,517,547,Visit,Somasi,Critical,Critical,33150000.0,30600000.0,-0.1384,30,True,True
CTR-00119-1,CUST-00119,2026-08-01,2026-08-31,Can Pay,Cannot Pay,0.5108,0.4656,513,543,Deskcoll,Visit,Medium,High,13585000.0,12870000.0,-0.04520000000000002,30,True,True
CTR-00120-1,CUST-00120,2026-08-01,2026-08-31,Won't Pay,Won't Pay,0.0067,0.0085,662,692,Somasi,Somasi,Critical,Critical,7182000.0,7182000.0,0.0018000000000000004,30,False,False
CTR-00121-1,CUST-00121,2026-08-01,2026-08-31,Won't Pay,Cannot Pay,0.2503,0.3512,227,257,Somasi,Visit,Critical,Critical,36990000.0,34524000.0,0.10089999999999999,30,True,True
CTR-00122-1,CUST-00122,2026-08-01,2026-08-31,Won't Pay,Won't Pay,0.2917,0.2533,866,896,Somasi,Somasi,Critical,Critical,8119000.0,8119000.0,-0.03839999999999999,30,False,False
CTR-00123-1,CUST-00123,2026-08-01,2026-08-31,Won't Pay,Cannot Pay,0.2613,0.3631,697,727,Pickup,Visit,Critical,Critical,26620000.0,26620000.0,0.1018,30,True,True
CTR-00123-2,CUST-00123,2026-08-01,2026-08-31,Cannot Pay,Cannot Pay,0.3875,0.4868,223,253,Visit,Visit,Critical,Critical,48444000.0,46242000.0,0.0993,30,False,False
CTR-00123-3,CUST-00123,2026-08-01,2026-08-31,Can Pay,Can Pay,0.657,0.5744,380,410,Deskcoll,Deskcoll,Medium,Medium,7520000.0,6016000.0,-0.0826,30,False,False
CTR-00124-1,CUST-00124,2026-08-01,2026-08-31,Cannot Pay,Can Pay,0.4706,0.523,173,203,Visit,Deskcoll,High,Medium,12924000.0,11847000.0,0.0524,30,True,True
CTR-00125-1,CUST-00125,2026-08-01,2026-08-31,Won't Pay,Won't Pay,0.2423,0.1826,383,413,Somasi,Visit,Critical,High,5608000.0,4907000.0,-0.059699999999999975,30,False,True
CTR-00126-2,CUST-00126,2026-08-01,2026-08-31,Won't Pay,Won't Pay,0.241,0.235,554,584,Pickup,Pickup,Critical,Critical,20286000.0,20286000.0,-0.006000000000000005,30,False,False
CTR-00127-1,CUST-00127,2026-08-01,2026-08-31,Can Pay,Can Pay,0.1147,0.0899,130,160,Deskcoll,Deskcoll,Medium,Medium,9126000.0,8112000.0,-0.024800000000000003,30,False,False
CTR-00129-1,CUST-00129,2026-08-01,2026-08-31,Won't Pay,Cannot Pay,0.1484,0.3615,229,259,Somasi,Visit,Critical,Medium,5357000.0,4870000.0,0.21309999999999998,30,True,True
CTR-00130-1,CUST-00130,2026-08-01,2026-08-31,Won't Pay,Cannot Pay,0.15,0.4605,124,154,Somasi,Visit,Critical,Critical,23730000.0,23730000.0,0.3105,30,True,True
CTR-00131-1,CUST-00131,2026-08-01,2026-08-31,Won't Pay,Won't Pay,0.096,0.1717,217,247,Somasi,Somasi,Critical,Critical,12850000.0,12850000.0,0.07569999999999999,30,False,False
CTR-00132-1,CUST-00132,2026-08-01,2026-08-31,Can Pay,Can Pay,0.571,0.5833,800,830,Deskcoll,Deskcoll,Medium,Medium,13680000.0,12920000.0,0.012300000000000089,30,False,False
CTR-00133-1,CUST-00133,2026-08-01,2026-08-31,Won't Pay,Cannot Pay,0.185,0.4385,190,220,Pickup,Visit,Critical,Critical,27192000.0,27192000.0,0.2535,30,True,True
CTR-00133-2,CUST-00133,2026-08-01,2026-08-31,Won't Pay,Cannot Pay,0.1502,0.3694,380,410,Somasi,Visit,Critical,High,13232000.0,13232000.0,0.2192,30,True,True
CTR-00134-1,CUST-00134,2026-08-01,2026-08-31,Cannot Pay,Can Pay,0.4515,0.5064,352,382,Visit,Deskcoll,Critical,High,20808000.0,20808000.0,0.05489999999999995,30,True,True
CTR-00134-2,CUST-00134,2026-08-01,2026-08-31,Cannot Pay,Cannot Pay,0.4014,0.4469,208,238,Deskcoll,Deskcoll,High,High,16371000.0,14552000.0,0.04550000000000004,30,False,False
CTR-00135-1,CUST-00135,2026-08-01,2026-08-31,Won't Pay,Can Pay,0.2925,0.7449,142,172,Somasi,Deskcoll,Critical,Medium,9225000.0,9225000.0,0.4524,30,True,True
CTR-00136-1,CUST-00136,2026-08-01,2026-08-31,Won't Pay,Won't Pay,0.048,0.1495,554,584,Somasi,Somasi,Critical,Critical,54820000.0,54820000.0,0.10149999999999999,30,False,False
CTR-00137-1,CUST-00137,2026-08-01,2026-08-31,Won't Pay,Won't Pay,0.2285,0.1059,244,274,Somasi,Somasi,Critical,Critical,11862000.0,11862000.0,-0.12260000000000001,30,False,False
CTR-00138-1,CUST-00138,2026-08-01,2026-08-31,Can Pay,Can Pay,0.1159,0.118,121,151,Deskcoll,WA,Medium,Low,11178000.0,0.0,0.0020999999999999908,30,False,True
CTR-00138-2,CUST-00138,2026-08-01,2026-08-31,Won't Pay,Won't Pay,0.1015,0.1795,640,670,Somasi,Somasi,Critical,Critical,32246000.0,32246000.0,0.07799999999999999,30,False,False
CTR-00139-1,CUST-00139,2026-08-01,2026-08-31,Won't Pay,Cannot Pay,0.2752,0.4425,354,384,Somasi,Visit,Critical,High,7462000.0,6888000.0,0.1673,30,True,True
CTR-00139-2,CUST-00139,2026-08-01,2026-08-31,Can Pay,Can Pay,0.7397,0.8412,555,585,Deskcoll,Deskcoll,High,High,29134000.0,27053000.0,0.10149999999999992,30,False,False
CTR-00140-1,CUST-00140,2026-08-01,2026-08-31,Won't Pay,Cannot Pay,0.2407,0.3461,192,222,Visit,Visit,High,Medium,2940000.0,2940000.0,0.10540000000000002,30,True,False
CTR-00140-2,CUST-00140,2026-08-01,2026-08-31,Won't Pay,Won't Pay,0.1212,0.0822,291,321,Visit,Visit,Critical,Critical,4370000.0,4370000.0,-0.03900000000000001,30,False,False
CTR-00141-1,CUST-00141,2026-08-01,2026-08-31,Cannot Pay,Can Pay,0.4271,0.6782,178,208,Visit,Deskcoll,Critical,Medium,5310000.0,5310000.0,0.25110000000000005,30,True,True
CTR-00141-2,CUST-00141,2026-08-01,2026-08-31,Won't Pay,Won't Pay,0.1642,0.1117,177,207,Somasi,Somasi,Critical,Critical,11133000.0,11133000.0,-0.05250000000000002,30,False,False
CTR-00142-1,CUST-00142,2026-08-01,2026-08-31,Won't Pay,Won't Pay,0.0211,0.0198,567,597,Somasi,Somasi,Critical,Critical,12060000.0,12060000.0,-0.001299999999999999,30,False,False
CTR-00143-1,CUST-00143,2026-08-01,2026-08-31,Cannot Pay,Won't Pay,0.3075,0.2262,644,674,Visit,Somasi,Critical,Critical,57425000.0,57425000.0,-0.08129999999999998,30,True,True
CTR-00144-1,CUST-00144,2026-08-01,2026-08-31,Cannot Pay,Cannot Pay,0.3479,0.3064,0,0,Deskcoll,Deskcoll,High,High,19944000.0,17451000.0,-0.04149999999999998,0,False,False
CTR-00144-2,CUST-00144,2026-08-01,2026-08-31,Can Pay,Can Pay,0.5138,0.8581,314,344,Deskcoll,Deskcoll,Low,Low,3864000.0,3864000.0,0.34429999999999994,30,False,False
CTR-00145-1,CUST-00145,2026-08-01,2026-08-31,Cannot Pay,Cannot Pay,0.4475,0.3799,552,582,Visit,Visit,High,High,7512000.0,7512000.0,-0.0676,30,False,False
CTR-00146-1,CUST-00146,2026-08-01,2026-08-31,Won't Pay,Won't Pay,0.0693,0.0693,395,425,Somasi,Somasi,Critical,Critical,5379000.0,5379000.0,0.0,30,False,False
CTR-00147-1,CUST-00147,2026-08-01,2026-08-31,Can Pay,Can Pay,0.8143,0.6345,275,305,Deskcoll,Deskcoll,Medium,Medium,10486000.0,8988000.0,-0.17980000000000007,30,False,False
CTR-00147-2,CUST-00147,2026-08-01,2026-08-31,Won't Pay,Won't Pay,0.2343,0.1513,493,523,Somasi,Somasi,Critical,Critical,9919000.0,9919000.0,-0.08300000000000002,30,False,False
CTR-00147-3,CUST-00147,2026-08-01,2026-08-31,Won't Pay,Won't Pay,0.0552,0.0891,585,615,Somasi,Somasi,Critical,Critical,16790000.0,16790000.0,0.0339,30,False,False
CTR-00148-2,CUST-00148,2026-08-01,2026-08-31,Won't Pay,Won't Pay,0.1868,0.2254,255,285,Somasi,Somasi,Critical,Critical,14180000.0,14180000.0,0.038599999999999995,30,False,False
CTR-00149-1,CUST-00149,2026-08-01,2026-08-31,Can Pay,Can Pay,0.6375,0.6349,554,584,Deskcoll,Deskcoll,High,High,26422000.0,26422000.0,-0.0025999999999999357,30,False,False
CTR-00150-1,CUST-00150,2026-08-01,2026-08-31,Won't Pay,Won't Pay,0.0239,0.0226,251,281,Somasi,Somasi,Critical,Critical,5776000.0,5776000.0,-0.0013000000000000025,30,False,False
CTR-00151-1,CUST-00151,2026-08-01,2026-08-31,Won't Pay,Can Pay,0.1181,0.864,179,209,Somasi,Deskcoll,Critical,High,21700000.0,21700000.0,0.7459,30,True,True
CTR-00152-1,CUST-00152,2026-08-01,2026-08-31,Won't Pay,Won't Pay,0.0657,0.0278,124,154,Somasi,Somasi,Critical,Critical,6276000.0,6276000.0,-0.037899999999999996,30,False,False
CTR-00153-1,CUST-00153,2026-08-01,2026-08-31,Can Pay,Can Pay,0.6953,0.7057,770,800,Deskcoll,Deskcoll,High,High,27190000.0,24471000.0,0.010399999999999965,30,False,False
CTR-00154-1,CUST-00154,2026-08-01,2026-08-31,Cannot Pay,Can Pay,0.4502,0.613,355,385,Visit,Deskcoll,High,Medium,8265000.0,6612000.0,0.1628,30,True,True
CTR-00154-2,CUST-00154,2026-08-01,2026-08-31,Won't Pay,Won't Pay,0.132,0.2134,0,22,Somasi,Somasi,Critical,Critical,8823000.0,8823000.0,0.0814,22,False,False
CTR-00155-1,CUST-00155,2026-08-01,2026-08-31,Won't Pay,Cannot Pay,0.237,0.3602,215,245,Somasi,Visit,Critical,High,7843000.0,7130000.0,0.12320000000000003,30,True,True
CTR-00155-2,CUST-00155,2026-08-01,2026-08-31,Cannot Pay,Won't Pay,0.3791,0.2437,377,407,Visit,Visit,Medium,High,2844000.0,2844000.0,-0.1354,30,True,False
CTR-00156-1,CUST-00156,2026-08-01,2026-08-31,Won't Pay,Won't Pay,0.1041,0.116,171,201,Somasi,Somasi,Critical,Critical,15928000.0,15928000.0,0.011900000000000008,30,False,False
CTR-00157-1,CUST-00157,2026-08-01,2026-08-31,Won't Pay,Won't Pay,0.2903,0.2728,678,708,Somasi,Somasi,Critical,Critical,8606000.0,8606000.0,-0.017500000000000016,30,False,False
CTR-00158-1,CUST-00158,2026-08-01,2026-08-31,Won't Pay,Won't Pay,0.282,0.1122,470,500,Somasi,Somasi,Critical,Critical,8532000.0,8532000.0,-0.16979999999999998,30,False,False
CTR-00158-2,CUST-00158,2026-08-01,2026-08-31,Won't Pay,Won't Pay,0.162,0.2167,553,583,Somasi,Somasi,Critical,Critical,17871000.0,17871000.0,0.0547,30,False,False
CTR-00158-3,CUST-00158,2026-08-01,2026-08-31,Won't Pay,Won't Pay,0.0836,0.1252,689,719,Somasi,Somasi,Critical,Critical,5727000.0,5727000.0,0.04160000000000001,30,False,False
CTR-00159-1,CUST-00159,2026-08-01,2026-08-31,Won't Pay,Won't Pay,0.0472,0.0366,471,501,Somasi,Somasi,Critical,Critical,6975000.0,6975000.0,-0.010599999999999998,30,False,False
CTR-00159-2,CUST-00159,2026-08-01,2026-08-31,Won't Pay,Won't Pay,0.1553,0.0919,127,157,Somasi,Somasi,Critical,Critical,9636000.0,9636000.0,-0.0634,30,False,False
CTR-00160-1,CUST-00160,2026-08-01,2026-08-31,Won't Pay,Won't Pay,0.278,0.1648,568,598,Pickup,Pickup,Critical,Critical,83789000.0,83789000.0,-0.11320000000000002,30,False,False
CTR-00160-2,CUST-00160,2026-08-01,2026-08-31,Won't Pay,Cannot Pay,0.1153,0.4271,249,279,Somasi,Visit,Critical,High,19960000.0,19960000.0,0.31179999999999997,30,True,True
CTR-00160-3,CUST-00160,2026-08-01,2026-08-31,Cannot Pay,Cannot Pay,0.3859,0.4268,336,366,Visit,Visit,Critical,Critical,86944000.0,82368000.0,0.04089999999999999,30,False,False
CTR-00161-1,CUST-00161,2026-08-01,2026-08-31,Won't Pay,Cannot Pay,0.1662,0.3532,520,550,Somasi,Visit,Critical,Critical,35451000.0,31512000.0,0.18700000000000003,30,True,True
CTR-00162-1,CUST-00162,2026-08-01,2026-08-31,Cannot Pay,Can Pay,0.3373,0.8699,325,355,Visit,Deskcoll,High,Medium,6540000.0,6540000.0,0.5326,30,True,True
CTR-00163-1,CUST-00163,2026-08-01,2026-08-31,Cannot Pay,Can Pay,0.4595,0.5124,432,462,Visit,Deskcoll,High,Medium,15498000.0,15498000.0,0.05289999999999995,30,True,True
CTR-00164-2,CUST-00164,2026-08-01,2026-08-31,Won't Pay,Won't Pay,0.088,0.211,215,245,Pickup,Pickup,Critical,Critical,36080000.0,32800000.0,0.123,30,False,False
CTR-00165-1,CUST-00165,2026-08-01,2026-08-31,Won't Pay,Won't Pay,0.0434,0.0533,186,216,Somasi,Somasi,Critical,Critical,7668000.0,7029000.0,0.009899999999999999,30,False,False
CTR-00166-1,CUST-00166,2026-08-01,2026-08-31,Can Pay,Cannot Pay,0.5504,0.3241,367,397,Deskcoll,Visit,High,Critical,34875000.0,34875000.0,-0.2263,30,True,True
CTR-00166-2,CUST-00166,2026-08-01,2026-08-31,Can Pay,Cannot Pay,0.5514,0.4071,392,422,Deskcoll,Visit,High,Critical,30362000.0,28764000.0,-0.14429999999999998,30,True,True
CTR-00167-1,CUST-00167,2026-08-01,2026-08-31,Can Pay,Can Pay,0.0801,0.1031,158,188,Visit,Visit,Medium,Medium,2608000.0,2608000.0,0.022999999999999993,30,False,False
CTR-00168-1,CUST-00168,2026-08-01,2026-08-31,Won't Pay,Won't Pay,0.1765,0.1893,252,282,Somasi,Somasi,Critical,Critical,16926000.0,16926000.0,0.012800000000000006,30,False,False
CTR-00169-1,CUST-00169,2026-08-01,2026-08-31,Won't Pay,Won't Pay,0.0472,0.0427,422,452,Somasi,Somasi,Critical,Critical,92530000.0,92530000.0,-0.004499999999999997,30,False,False
CTR-00170-1,CUST-00170,2026-08-01,2026-08-31,Won't Pay,Won't Pay,0.0618,0.0601,597,627,Somasi,Somasi,Critical,Critical,17514000.0,17514000.0,-0.0017000000000000001,30,False,False
CTR-00171-1,CUST-00171,2026-08-01,2026-08-31,Cannot Pay,Won't Pay,0.3292,0.2989,617,647,Visit,Somasi,High,Critical,19134000.0,18071000.0,-0.030299999999999994,30,True,True
CTR-00172-1,CUST-00172,2026-08-01,2026-08-31,Won't Pay,Cannot Pay,0.0856,0.3391,322,352,Visit,Visit,High,Medium,4410000.0,4410000.0,0.2535,30,True,False
CTR-00172-2,CUST-00172,2026-08-01,2026-08-31,Cannot Pay,Can Pay,0.4845,0.5707,804,834,Visit,Deskcoll,High,Medium,6840000.0,6498000.0,0.0862,30,True,True
CTR-00173-1,CUST-00173,2026-08-01,2026-08-31,Won't Pay,Won't Pay,0.0865,0.1975,173,203,Pickup,Pickup,Critical,Critical,27270000.0,27270000.0,0.11100000000000002,30,False,False
CTR-00173-2,CUST-00173,2026-08-01,2026-08-31,Won't Pay,Won't Pay,0.1322,0.2095,342,372,Pickup,Somasi,Critical,Critical,20264000.0,17731000.0,0.07729999999999998,30,False,True
CTR-00174-1,CUST-00174,2026-08-01,2026-08-31,Cannot Pay,Can Pay,0.4785,0.5898,160,190,Visit,Deskcoll,High,Medium,12177000.0,10824000.0,0.11130000000000001,30,True,True
CTR-00174-2,CUST-00174,2026-08-01,2026-08-31,Won't Pay,Won't Pay,0.188,0.2305,234,264,Somasi,Visit,Critical,High,6080000.0,4864000.0,0.04250000000000001,30,False,True
CTR-00176-1,CUST-00176,2026-08-01,2026-08-31,Won't Pay,Won't Pay,0.0175,0.0175,627,657,Somasi,Somasi,Critical,Critical,8381000.0,8381000.0,0.0,30,False,False
CTR-00177-1,CUST-00177,2026-08-01,2026-08-31,Won't Pay,Won't Pay,0.2783,0.2948,160,190,Somasi,Somasi,Critical,Critical,9100000.0,9100000.0,0.016500000000000015,30,False,False
CTR-00177-2,CUST-00177,2026-08-01,2026-08-31,Won't Pay,Won't Pay,0.285,0.2172,683,713,Somasi,Somasi,Critical,Critical,10005000.0,10005000.0,-0.06779999999999997,30,False,False
CTR-00177-3,CUST-00177,2026-08-01,2026-08-31,Won't Pay,Won't Pay,0.236,0.1569,641,671,Visit,Visit,High,High,3184000.0,2985000.0,-0.07909999999999998,30,False,False
CTR-00178-1,CUST-00178,2026-08-01,2026-08-31,Won't Pay,Won't Pay,0.2226,0.0826,42,42,Somasi,Visit,Critical,High,5574000.0,4645000.0,-0.13999999999999999,0,False,True
CTR-00179-1,CUST-00179,2026-08-01,2026-08-31,Won't Pay,Won't Pay,0.1067,0.2253,554,584,Somasi,Somasi,Critical,Critical,13338000.0,12825000.0,0.1186,30,False,False
CTR-00180-1,CUST-00180,2026-08-01,2026-08-31,Won't Pay,Won't Pay,0.2873,0.2838,477,507,Somasi,Somasi,Critical,Critical,9616000.0,9015000.0,-0.003500000000000003,30,False,False
CTR-00181-1,CUST-00181,2026-08-01,2026-08-31,Cannot Pay,Cannot Pay,0.4294,0.3156,105,135,Visit,Visit,High,High,8360000.0,8360000.0,-0.11380000000000001,30,False,False
CTR-00182-1,CUST-00182,2026-08-01,2026-08-31,Won't Pay,Won't Pay,0.0628,0.0675,299,329,Somasi,Somasi,Critical,Critical,31284000.0,31284000.0,0.00470000000000001,30,False,False
CTR-00183-1,CUST-00183,2026-08-01,2026-08-31,Won't Pay,Won't Pay,0.1354,0.1464,580,610,Somasi,Somasi,Critical,Critical,30300000.0,30300000.0,0.01100000000000001,30,False,False
CTR-00184-1,CUST-00184,2026-08-01,2026-08-31,Won't Pay,Won't Pay,0.0525,0.0512,446,476,Somasi,Somasi,Critical,Critical,10197000.0,10197000.0,-0.0012999999999999956,30,False,False
CTR-00185-1,CUST-00185,2026-08-01,2026-08-31,Won't Pay,Won't Pay,0.1098,0.1299,285,315,Somasi,Somasi,Critical,Critical,6655000.0,6050000.0,0.020099999999999993,30,False,False
CTR-00185-2,CUST-00185,2026-08-01,2026-08-31,Can Pay,Can Pay,0.5355,0.5044,496,526,Deskcoll,Deskcoll,Medium,Low,5291000.0,4810000.0,-0.031100000000000017,30,False,False
CTR-00186-1,CUST-00186,2026-08-01,2026-08-31,Won't Pay,Won't Pay,0.2561,0.279,164,194,Somasi,Somasi,Critical,Critical,13400000.0,13400000.0,0.02290000000000003,30,False,False
CTR-00187-1,CUST-00187,2026-08-01,2026-08-31,Cannot Pay,Can Pay,0.4858,0.5151,281,311,Visit,Deskcoll,Critical,High,26424000.0,24956000.0,0.029299999999999993,30,True,True
CTR-00189-1,CUST-00189,2026-08-01,2026-08-31,Can Pay,Can Pay,0.7347,0.6514,258,288,Visit,Visit,Medium,Medium,6492000.0,6492000.0,-0.08330000000000004,30,False,False
CTR-00189-2,CUST-00189,2026-08-01,2026-08-31,Can Pay,Can Pay,0.6507,0.9045,650,680,Deskcoll,Deskcoll,Low,Low,3289000.0,3289000.0,0.2538,30,False,False
CTR-00190-1,CUST-00190,2026-08-01,2026-08-31,Won't Pay,Can Pay,0.0847,0.6439,314,344,Somasi,Deskcoll,Critical,Medium,8591000.0,8591000.0,0.5592,30,True,True
CTR-00190-2,CUST-00190,2026-08-01,2026-08-31,Cannot Pay,Cannot Pay,0.3035,0.396,511,541,Visit,Visit,High,High,12975000.0,12456000.0,0.09250000000000003,30,False,False
CTR-00191-1,CUST-00191,2026-08-01,2026-08-31,Won't Pay,Won't Pay,0.0943,0.1062,156,186,Somasi,Somasi,Critical,Critical,14384000.0,14384000.0,0.011900000000000008,30,False,False
CTR-00192-1,CUST-00192,2026-08-01,2026-08-31,Can Pay,Cannot Pay,0.5109,0.3989,334,364,Deskcoll,Visit,Medium,High,11950000.0,11950000.0,-0.11200000000000004,30,True,True
CTR-00193-1,CUST-00193,2026-08-01,2026-08-31,Won't Pay,Won't Pay,0.2826,0.2624,253,283,Pickup,Pickup,Critical,Critical,21488000.0,21488000.0,-0.020199999999999996,30,False,False
CTR-00193-2,CUST-00193,2026-08-01,2026-08-31,Won't Pay,Won't Pay,0.18,0.1999,182,212,Pickup,Pickup,Critical,Critical,27135000.0,27135000.0,0.0199,30,False,False
CTR-00194-1,CUST-00194,2026-08-01,2026-08-31,Won't Pay,Won't Pay,0.1616,0.1402,219,249,Pickup,Pickup,Critical,Critical,27104000.0,27104000.0,-0.021400000000000002,30,False,False
CTR-00194-2,CUST-00194,2026-08-01,2026-08-31,Cannot Pay,Cannot Pay,0.4782,0.423,280,310,Visit,Visit,Critical,Critical,32340000.0,32340000.0,-0.05520000000000003,30,False,False
CTR-00194-3,CUST-00194,2026-08-01,2026-08-31,Won't Pay,Won't Pay,0.2223,0.2192,456,486,Pickup,Pickup,Critical,Critical,52734000.0,52734000.0,-0.0030999999999999917,30,False,False
CTR-00195-1,CUST-00195,2026-08-01,2026-08-31,Won't Pay,Won't Pay,0.0701,0.0762,220,250,Somasi,Somasi,Critical,Critical,8232000.0,8232000.0,0.006100000000000008,30,False,False
CTR-00196-1,CUST-00196,2026-08-01,2026-08-31,Won't Pay,Won't Pay,0.1661,0.2412,290,320,Somasi,Somasi,Critical,Critical,10790000.0,10790000.0,0.0751,30,False,False
CTR-00197-1,CUST-00197,2026-08-01,2026-08-31,Won't Pay,Cannot Pay,0.2771,0.3116,103,133,Somasi,Deskcoll,Critical,High,20080000.0,15060000.0,0.034499999999999975,30,True,True
CTR-00198-1,CUST-00198,2026-08-01,2026-08-31,Won't Pay,Won't Pay,0.1387,0.2741,246,276,Somasi,Somasi,Critical,Critical,28095000.0,24349000.0,0.13540000000000002,30,False,False
CTR-00199-1,CUST-00199,2026-08-01,2026-08-31,Won't Pay,Won't Pay,0.1658,0.2662,177,207,Somasi,Somasi,Critical,Critical,10556000.0,10556000.0,0.10039999999999999,30,False,False
CTR-00200-1,CUST-00200,2026-08-01,2026-08-31,Won't Pay,Won't Pay,0.0598,0.058,387,417,Somasi,Somasi,Critical,Critical,9252000.0,8738000.0,-0.001799999999999996,30,False,False
CTR-00201-1,CUST-00201,2026-08-01,2026-08-31,Won't Pay,Won't Pay,0.08,0.0768,755,785,Somasi,Somasi,Critical,Critical,8398000.0,7106000.0,-0.0032000000000000084,30,False,False
CTR-00201-2,CUST-00201,2026-08-01,2026-08-31,Won't Pay,Won't Pay,0.2822,0.2621,272,302,Somasi,Somasi,Critical,Critical,11600000.0,11020000.0,-0.020100000000000007,30,False,False
CTR-00201-3,CUST-00201,2026-08-01,2026-08-31,Can Pay,Can Pay,0.5768,0.5474,182,212,Visit,Visit,Medium,Medium,13832000.0,13832000.0,-0.02939999999999998,30,False,False
CTR-00202-1,CUST-00202,2026-08-01,2026-08-31,Can Pay,Can Pay,0.0893,0.0869,0,0,WA,WA,Low,Low,4416000.0,3312000.0,-0.0023999999999999994,0,False,False
CTR-00203-1,CUST-00203,2026-08-01,2026-08-31,Won't Pay,Won't Pay,0.2297,0.1441,162,192,Somasi,Somasi,Critical,Critical,24804000.0,24804000.0,-0.08559999999999998,30,False,False
CTR-00204-1,CUST-00204,2026-08-01,2026-08-31,Won't Pay,Won't Pay,0.2243,0.1913,496,526,Somasi,Somasi,Critical,Critical,8856000.0,8118000.0,-0.033,30,False,False
CTR-00204-2,CUST-00204,2026-08-01,2026-08-31,Won't Pay,Won't Pay,0.2649,0.1983,419,449,Somasi,Somasi,Critical,Critical,7722000.0,7722000.0,-0.06660000000000002,30,False,False
CTR-00204-3,CUST-00204,2026-08-01,2026-08-31,Cannot Pay,Won't Pay,0.3629,0.2446,177,207,Visit,Visit,High,High,4532000.0,4120000.0,-0.11829999999999999,30,True,False
CTR-00205-1,CUST-00205,2026-08-01,2026-08-31,Cannot Pay,Can Pay,0.3483,0.6635,106,136,Deskcoll,Deskcoll,High,Medium,14337000.0,14337000.0,0.3152,30,True,False
CTR-00206-1,CUST-00206,2026-08-01,2026-08-31,Won't Pay,Won't Pay,0.2683,0.2918,151,181,Somasi,Somasi,Critical,Critical,8589000.0,6135000.0,0.02350000000000002,30,False,False
CTR-00206-2,CUST-00206,2026-08-01,2026-08-31,Can Pay,Can Pay,0.7913,0.8862,146,176,Deskcoll,Deskcoll,Medium,Medium,9230000.0,9230000.0,0.09489999999999998,30,False,False
CTR-00206-3,CUST-00206,2026-08-01,2026-08-31,Won't Pay,Cannot Pay,0.0719,0.3063,453,483,Somasi,Visit,Critical,Critical,12922000.0,12922000.0,0.2344,30,True,True
CTR-00207-1,CUST-00207,2026-08-01,2026-08-31,Won't Pay,Won't Pay,0.0322,0.0481,446,476,Somasi,Somasi,Critical,Critical,7200000.0,7200000.0,0.015899999999999997,30,False,False
CTR-00208-1,CUST-00208,2026-08-01,2026-08-31,Can Pay,Won't Pay,0.5669,0.2464,807,837,Deskcoll,Somasi,High,Critical,20832000.0,19964000.0,-0.32049999999999995,30,True,True
CTR-00209-1,CUST-00209,2026-08-01,2026-08-31,Won't Pay,Cannot Pay,0.2581,0.4502,247,277,Somasi,Visit,Critical,Critical,28560000.0,28560000.0,0.1921,30,True,True
CTR-00210-1,CUST-00210,2026-08-01,2026-08-31,Can Pay,Can Pay,0.7038,0.6406,306,336,Deskcoll,Deskcoll,Medium,Medium,10065000.0,10065000.0,-0.06320000000000003,30,False,False
CTR-00210-2,CUST-00210,2026-08-01,2026-08-31,Cannot Pay,Won't Pay,0.3271,0.2772,380,410,Visit,Somasi,High,Critical,15960000.0,15960000.0,-0.0499,30,True,True
CTR-00210-3,CUST-00210,2026-08-01,2026-08-31,Won't Pay,Won't Pay,0.0743,0.1159,329,359,Somasi,Somasi,Critical,Critical,11781000.0,11220000.0,0.0416,30,False,False
CTR-00211-1,CUST-00211,2026-08-01,2026-08-31,Won't Pay,Won't Pay,0.1262,0.1514,176,206,Somasi,Somasi,Critical,Critical,105588000.0,105588000.0,0.0252,30,False,False
CTR-00212-1,CUST-00212,2026-08-01,2026-08-31,Cannot Pay,Can Pay,0.4178,0.7703,374,404,Visit,Deskcoll,High,Medium,6846000.0,6846000.0,0.3525,30,True,True
CTR-00212-2,CUST-00212,2026-08-01,2026-08-31,Can Pay,Cannot Pay,0.5405,0.491,612,642,Deskcoll,Visit,Low,Medium,4411000.0,4411000.0,-0.04949999999999999,30,True,True
CTR-00213-1,CUST-00213,2026-08-01,2026-08-31,Cannot Pay,Cannot Pay,0.4379,0.3423,249,279,Visit,Visit,High,High,17592000.0,17592000.0,-0.09560000000000002,30,False,False
CTR-00214-1,CUST-00214,2026-08-01,2026-08-31,Cannot Pay,Cannot Pay,0.4844,0.4148,251,281,Visit,Visit,Critical,Critical,22490000.0,22490000.0,-0.0696,30,False,False
CTR-00215-1,CUST-00215,2026-08-01,2026-08-31,Won't Pay,Won't Pay,0.0216,0.128,244,274,Somasi,Somasi,Critical,Critical,62689000.0,62689000.0,0.1064,30,False,False
CTR-00216-1,CUST-00216,2026-08-01,2026-08-31,Cannot Pay,Cannot Pay,0.3347,0.4342,287,317,Visit,Visit,High,High,5775000.0,5775000.0,0.09949999999999998,30,False,False
CTR-00217-1,CUST-00217,2026-08-01,2026-08-31,Won't Pay,Cannot Pay,0.1493,0.4491,171,201,Somasi,Visit,Critical,High,7896000.0,7896000.0,0.2998,30,True,True
CTR-00217-2,CUST-00217,2026-08-01,2026-08-31,Won't Pay,Can Pay,0.2821,0.517,552,582,Visit,Visit,High,Low,3924000.0,3270000.0,0.2349,30,True,False
CTR-00218-1,CUST-00218,2026-08-01,2026-08-31,Won't Pay,Won't Pay,0.0597,0.0875,203,233,Somasi,Somasi,Critical,Critical,28095000.0,18730000.0,0.02779999999999999,30,False,False
CTR-00219-1,CUST-00219,2026-08-01,2026-08-31,Won't Pay,Cannot Pay,0.1869,0.3534,452,482,Somasi,Visit,Critical,High,8789000.0,7990000.0,0.16649999999999998,30,True,True
CTR-00220-1,CUST-00220,2026-08-01,2026-08-31,Cannot Pay,Cannot Pay,0.4191,0.3724,207,237,Visit,Visit,Critical,Critical,17040000.0,17040000.0,-0.046699999999999964,30,False,False
CTR-00221-1,CUST-00221,2026-08-01,2026-08-31,Cannot Pay,Won't Pay,0.3128,0.2535,496,526,Visit,Somasi,High,Critical,6706000.0,6706000.0,-0.05930000000000002,30,True,True
CTR-00221-2,CUST-00221,2026-08-01,2026-08-31,Cannot Pay,Won't Pay,0.3699,0.0524,473,503,Visit,Somasi,Critical,Critical,8433000.0,7496000.0,-0.3175,30,True,True
CTR-00221-3,CUST-00221,2026-08-01,2026-08-31,Won't Pay,Won't Pay,0.025,0.0201,389,419,Somasi,Somasi,Critical,Critical,7890000.0,7364000.0,-0.004900000000000002,30,False,False
CTR-00222-1,CUST-00222,2026-08-01,2026-08-31,Won't Pay,Can Pay,0.1066,0.55,190,220,Visit,Visit,High,Low,4014000.0,4014000.0,0.4434,30,True,False
CTR-00222-2,CUST-00222,2026-08-01,2026-08-31,Cannot Pay,Won't Pay,0.3409,0.2462,217,247,Visit,Somasi,High,Critical,10571000.0,10571000.0,-0.09469999999999998,30,True,True
CTR-00222-3,CUST-00222,2026-08-01,2026-08-31,Won't Pay,Won't Pay,0.1593,0.139,245,275,Somasi,Somasi,Critical,Critical,8370000.0,8370000.0,-0.020299999999999985,30,False,False
CTR-00223-1,CUST-00223,2026-08-01,2026-08-31,Won't Pay,Won't Pay,0.1072,0.1206,96,126,Somasi,Somasi,Critical,Critical,30069000.0,30069000.0,0.013399999999999995,30,False,False
CTR-00224-2,CUST-00224,2026-08-01,2026-08-31,Won't Pay,Won't Pay,0.0266,0.0283,443,473,Visit,Visit,Critical,Critical,4800000.0,4800000.0,0.0017000000000000001,30,False,False
CTR-00224-3,CUST-00224,2026-08-01,2026-08-31,Cannot Pay,Can Pay,0.3202,0.5492,560,590,Visit,Deskcoll,High,Medium,7280000.0,7280000.0,0.22900000000000004,30,True,True
CTR-00225-1,CUST-00225,2026-08-01,2026-08-31,Won't Pay,Won't Pay,0.2599,0.1671,348,378,Somasi,Somasi,Critical,Critical,25137000.0,25137000.0,-0.09280000000000002,30,False,False
CTR-00226-1,CUST-00226,2026-08-01,2026-08-31,Can Pay,Can Pay,0.6304,0.5515,247,277,Deskcoll,Deskcoll,Medium,Medium,6384000.0,6384000.0,-0.07889999999999997,30,False,False
CTR-00227-1,CUST-00227,2026-08-01,2026-08-31,Cannot Pay,Can Pay,0.3412,0.6811,534,564,Visit,Deskcoll,Critical,High,20919000.0,20919000.0,0.33990000000000004,30,True,True
CTR-00227-2,CUST-00227,2026-08-01,2026-08-31,Can Pay,Can Pay,0.8476,0.7757,185,215,Deskcoll,Deskcoll,High,High,25010000.0,25010000.0,-0.07190000000000007,30,False,False
CTR-00228-1,CUST-00228,2026-08-01,2026-08-31,Won't Pay,Won't Pay,0.2275,0.0386,269,299,Visit,Visit,High,Critical,3805000.0,3044000.0,-0.1889,30,False,False
CTR-00229-1,CUST-00229,2026-08-01,2026-08-31,Won't Pay,Won't Pay,0.0557,0.066,121,151,Somasi,Somasi,Critical,Critical,6743000.0,5517000.0,0.010300000000000004,30,False,False
CTR-00230-1,CUST-00230,2026-08-01,2026-08-31,Can Pay,Can Pay,0.5443,0.5882,487,517,Deskcoll,Deskcoll,Low,Low,1872000.0,1248000.0,0.04389999999999994,30,False,False
CTR-00230-2,CUST-00230,2026-08-01,2026-08-31,Won't Pay,Can Pay,0.2766,0.5961,403,433,Somasi,Deskcoll,Critical,Medium,13200000.0,12375000.0,0.31949999999999995,30,True,True
CTR-00231-1,CUST-00231,2026-08-01,2026-08-31,Can Pay,Can Pay,0.5516,0.7414,475,505,Deskcoll,Deskcoll,Medium,Medium,9288000.0,9288000.0,0.18979999999999997,30,False,False
CTR-00232-1,CUST-00232,2026-08-01,2026-08-31,Won't Pay,Won't Pay,0.2736,0.2262,849,879,Somasi,Somasi,Critical,Critical,57668000.0,57668000.0,-0.0474,30,False,False
CTR-00233-1,CUST-00233,2026-08-01,2026-08-31,Can Pay,Can Pay,0.663,0.5927,354,384,Deskcoll,Deskcoll,High,High,24270000.0,24270000.0,-0.07030000000000003,30,False,False
CTR-00234-1,CUST-00234,2026-08-01,2026-08-31,Can Pay,Can Pay,0.1231,0.1414,151,181,Deskcoll,WA,Medium,Medium,11214000.0,8722000.0,0.018299999999999997,30,False,True
CTR-00235-1,CUST-00235,2026-08-01,2026-08-31,Won't Pay,Won't Pay,0.2827,0.244,487,517,Somasi,Somasi,Critical,Critical,7120000.0,7120000.0,-0.03870000000000001,30,False,False
CTR-00235-2,CUST-00235,2026-08-01,2026-08-31,Won't Pay,Won't Pay,0.2266,0.1921,594,624,Somasi,Somasi,Critical,Critical,7236000.0,7236000.0,-0.0345,30,False,False
CTR-00236-1,CUST-00236,2026-08-01,2026-08-31,Cannot Pay,Cannot Pay,0.3188,0.3417,413,443,Visit,Visit,Critical,Critical,33360000.0,31136000.0,0.02290000000000003,30,False,False
CTR-00237-1,CUST-00237,2026-08-01,2026-08-31,Won't Pay,Won't Pay,0.1349,0.0783,164,194,Somasi,Somasi,Critical,Critical,8541000.0,7884000.0,-0.0566,30,False,False
CTR-00238-1,CUST-00238,2026-08-01,2026-08-31,Won't Pay,Won't Pay,0.2243,0.2001,516,546,Visit,Visit,High,High,3575000.0,3575000.0,-0.0242,30,False,False
CTR-00239-1,CUST-00239,2026-08-01,2026-08-31,Can Pay,Can Pay,0.5375,0.6189,538,568,Deskcoll,Deskcoll,Medium,Medium,13772000.0,13772000.0,0.08140000000000003,30,False,False
CTR-00240-1,CUST-00240,2026-08-01,2026-08-31,Won't Pay,Cannot Pay,0.184,0.3377,3,33,Somasi,Deskcoll,Critical,High,6360000.0,3180000.0,0.1537,30,True,True
CTR-00241-1,CUST-00241,2026-08-01,2026-08-31,Cannot Pay,Won't Pay,0.3567,0.1217,193,223,Visit,Visit,High,Critical,5313000.0,4554000.0,-0.23500000000000001,30,True,False
CTR-00242-1,CUST-00242,2026-08-01,2026-08-31,Won't Pay,Can Pay,0.2083,0.3233,442,472,Somasi,Deskcoll,Critical,High,33728000.0,29512000.0,0.11499999999999996,30,True,True
CTR-00243-1,CUST-00243,2026-08-01,2026-08-31,Cannot Pay,Can Pay,0.345,0.2723,0,0,Deskcoll,WA,Medium,Low,3556000.0,2667000.0,-0.07269999999999999,0,True,True
CTR-00244-1,CUST-00244,2026-08-01,2026-08-31,Won't Pay,Can Pay,0.2135,0.5969,260,290,Visit,Visit,High,Low,3955000.0,3955000.0,0.38339999999999996,30,True,False
CTR-00244-2,CUST-00244,2026-08-01,2026-08-31,Can Pay,Can Pay,0.6329,0.909,171,201,Visit,Visit,Medium,Medium,11680000.0,11680000.0,0.2761,30,False,False
CTR-00245-1,CUST-00245,2026-08-01,2026-08-31,Won't Pay,Won't Pay,0.2302,0.1718,712,742,Somasi,Somasi,Critical,Critical,31860000.0,28674000.0,-0.05839999999999998,30,False,False
CTR-00245-2,CUST-00245,2026-08-01,2026-08-31,Won't Pay,Cannot Pay,0.2138,0.3695,208,238,Somasi,Visit,Critical,Critical,24240000.0,22725000.0,0.1557,30,True,True
CTR-00246-1,CUST-00246,2026-08-01,2026-08-31,Won't Pay,Won't Pay,0.267,0.1971,194,224,Somasi,Somasi,Critical,Critical,19920000.0,19920000.0,-0.06990000000000002,30,False,False
CTR-00247-1,CUST-00247,2026-08-01,2026-08-31,Won't Pay,Can Pay,0.1911,0.6951,688,718,Visit,Deskcoll,High,Low,3655000.0,3655000.0,0.504,30,True,True
CTR-00248-1,CUST-00248,2026-08-01,2026-08-31,Can Pay,Can Pay,0.1525,0.1183,0,22,Deskcoll,Deskcoll,Low,Low,3670000.0,3670000.0,-0.034199999999999994,22,False,False
CTR-00248-2,CUST-00248,2026-08-01,2026-08-31,Can Pay,Can Pay,0.198,0.2175,159,189,Deskcoll,Deskcoll,Medium,Medium,12529000.0,11792000.0,0.01949999999999999,30,False,False
CTR-00249-1,CUST-00249,2026-08-01,2026-08-31,Cannot Pay,Can Pay,0.4988,0.9353,288,318,Visit,Deskcoll,Critical,High,63180000.0,63180000.0,0.4365,30,True,True
CTR-00250-1,CUST-00250,2026-08-01,2026-08-31,Can Pay,Can Pay,0.7866,0.7479,370,400,Visit,Visit,Medium,Low,5170000.0,4935000.0,-0.03869999999999996,30,False,False
CTR-00251-1,CUST-00251,2026-08-01,2026-08-31,Can Pay,Cannot Pay,0.5821,0.4263,247,277,Deskcoll,Visit,Medium,High,12316000.0,9237000.0,-0.15579999999999994,30,True,True
CTR-00252-1,CUST-00252,2026-08-01,2026-08-31,Cannot Pay,Cannot Pay,0.3693,0.3138,412,442,Visit,Visit,Critical,Critical,86835000.0,86835000.0,-0.055499999999999994,30,False,False
CTR-00252-2,CUST-00252,2026-08-01,2026-08-31,Can Pay,Can Pay,0.8414,0.832,193,223,Deskcoll,Deskcoll,High,High,24507000.0,24507000.0,-0.009400000000000075,30,False,False
CTR-00252-3,CUST-00252,2026-08-01,2026-08-31,Can Pay,Won't Pay,0.5091,0.2295,292,322,Deskcoll,Pickup,High,Critical,62544000.0,62544000.0,-0.27959999999999996,30,True,True
CTR-00253-1,CUST-00253,2026-08-01,2026-08-31,Cannot Pay,Cannot Pay,0.4271,0.3758,716,746,Visit,Visit,Critical,Critical,21042000.0,21042000.0,-0.05129999999999996,30,False,False
CTR-00253-2,CUST-00253,2026-08-01,2026-08-31,Won't Pay,Can Pay,0.115,0.7152,185,215,Somasi,Deskcoll,Critical,Medium,18702000.0,18702000.0,0.6002,30,True,True
CTR-00254-1,CUST-00254,2026-08-01,2026-08-31,Won't Pay,Won't Pay,0.1415,0.2456,417,447,Somasi,Somasi,Critical,Critical,6951000.0,6951000.0,0.10410000000000003,30,False,False
CTR-00255-1,CUST-00255,2026-08-01,2026-08-31,Won't Pay,Won't Pay,0.0272,0.0379,204,234,Somasi,Somasi,Critical,Critical,77014000.0,77014000.0,0.010700000000000005,30,False,False
CTR-00256-1,CUST-00256,2026-08-01,2026-08-31,Cannot Pay,Can Pay,0.4828,0.5624,165,195,Visit,Deskcoll,Critical,High,29080000.0,25445000.0,0.0796,30,True,True
CTR-00257-1,CUST-00257,2026-08-01,2026-08-31,Can Pay,Can Pay,0.6741,0.6867,205,235,Deskcoll,Deskcoll,High,Medium,25132000.0,18849000.0,0.012599999999999945,30,False,False
CTR-00257-2,CUST-00257,2026-08-01,2026-08-31,Can Pay,Can Pay,0.5101,0.5105,492,522,Deskcoll,Deskcoll,Medium,Medium,19016000.0,16639000.0,0.00039999999999995595,30,False,False
CTR-00258-1,CUST-00258,2026-08-01,2026-08-31,Cannot Pay,Won't Pay,0.3921,0.2725,193,223,Visit,Pickup,Critical,Critical,22988000.0,22988000.0,-0.11959999999999998,30,True,True
CTR-00258-2,CUST-00258,2026-08-01,2026-08-31,Can Pay,Cannot Pay,0.8273,0.4893,263,293,Deskcoll,Visit,Medium,High,12454000.0,12454000.0,-0.338,30,True,True
CTR-00260-1,CUST-00260,2026-08-01,2026-08-31,Cannot Pay,Won't Pay,0.3145,0.1913,524,554,Visit,Visit,Medium,High,4620000.0,3850000.0,-0.1232,30,True,False
CTR-00261-1,CUST-00261,2026-08-01,2026-08-31,Won't Pay,Won't Pay,0.1844,0.0628,386,416,Somasi,Somasi,Critical,Critical,9807000.0,9807000.0,-0.12160000000000001,30,False,False
CTR-00262-1,CUST-00262,2026-08-01,2026-08-31,Cannot Pay,Cannot Pay,0.4922,0.3394,384,414,Visit,Visit,High,High,10120000.0,10120000.0,-0.15280000000000005,30,False,False
CTR-00262-2,CUST-00262,2026-08-01,2026-08-31,Can Pay,Cannot Pay,0.6363,0.4792,130,160,Deskcoll,Visit,Medium,Critical,9590000.0,7672000.0,-0.15709999999999996,30,True,True
CTR-00263-1,CUST-00263,2026-08-01,2026-08-31,Won't Pay,Won't Pay,0.0233,0.063,308,338,Visit,Visit,Critical,High,2680000.0,2680000.0,0.0397,30,False,False
CTR-00264-1,CUST-00264,2026-08-01,2026-08-31,Cannot Pay,Won't Pay,0.3378,0.1892,67,97,Visit,Somasi,High,Critical,9251000.0,8932000.0,-0.14859999999999998,30,True,True
CTR-00265-1,CUST-00265,2026-08-01,2026-08-31,Can Pay,Can Pay,0.6285,0.7856,233,263,Deskcoll,Deskcoll,High,Medium,20647000.0,18770000.0,0.15710000000000002,30,False,False
CTR-00266-1,CUST-00266,2026-08-01,2026-08-31,Won't Pay,Won't Pay,0.066,0.1274,509,539,Somasi,Somasi,Critical,Critical,63690000.0,63690000.0,0.06140000000000001,30,False,False
CTR-00267-1,CUST-00267,2026-08-01,2026-08-31,Can Pay,Can Pay,0.3821,0.4339,356,386,Visit,Visit,Medium,Medium,11727000.0,10424000.0,0.05180000000000001,30,False,False
CTR-00268-1,CUST-00268,2026-08-01,2026-08-31,Won't Pay,Cannot Pay,0.0724,0.3957,349,379,Somasi,Visit,Critical,High,5733000.0,5292000.0,0.3233,30,True,True
CTR-00269-1,CUST-00269,2026-08-01,2026-08-31,Won't Pay,Won't Pay,0.0167,0.0248,537,567,Somasi,Somasi,Critical,Critical,11616000.0,11616000.0,0.0081,30,False,False
CTR-00270-1,CUST-00270,2026-08-01,2026-08-31,Won't Pay,Won't Pay,0.0062,0.0102,495,525,Somasi,Somasi,Critical,Critical,11110000.0,11110000.0,0.004000000000000001,30,False,False
CTR-00271-1,CUST-00271,2026-08-01,2026-08-31,Cannot Pay,Cannot Pay,0.4392,0.474,552,582,Visit,Visit,Critical,Critical,23777000.0,21948000.0,0.0348,30,False,False
CTR-00272-1,CUST-00272,2026-08-01,2026-08-31,Won't Pay,Can Pay,0.174,0.7802,234,264,Somasi,Visit,Critical,Medium,7616000.0,7616000.0,0.6062000000000001,30,True,True
CTR-00273-1,CUST-00273,2026-08-01,2026-08-31,Cannot Pay,Won't Pay,0.3217,0.1631,333,363,Visit,Visit,Medium,High,3480000.0,2320000.0,-0.1586,30,True,False
CTR-00273-2,CUST-00273,2026-08-01,2026-08-31,Won't Pay,Won't Pay,0.0709,0.0705,449,479,Somasi,Somasi,Critical,Critical,13833000.0,13833000.0,-0.00040000000000001146,30,False,False
CTR-00273-3,CUST-00273,2026-08-01,2026-08-31,Can Pay,Can Pay,0.5682,0.659,262,292,Deskcoll,Deskcoll,Medium,Medium,7350000.0,7350000.0,0.09079999999999999,30,False,False
CTR-00274-1,CUST-00274,2026-08-01,2026-08-31,Won't Pay,Can Pay,0.2057,0.5775,189,219,Somasi,Visit,Critical,High,29694000.0,29694000.0,0.3718,30,True,True
CTR-00275-1,CUST-00275,2026-08-01,2026-08-31,Cannot Pay,Cannot Pay,0.3003,0.4173,382,412,Visit,Visit,Medium,Medium,3300000.0,2200000.0,0.11699999999999999,30,False,False
CTR-00275-2,CUST-00275,2026-08-01,2026-08-31,Can Pay,Can Pay,0.8297,0.8149,295,325,Deskcoll,Deskcoll,High,High,26584000.0,26584000.0,-0.014800000000000035,30,False,False
CTR-00276-1,CUST-00276,2026-08-01,2026-08-31,Won't Pay,Won't Pay,0.2083,0.1739,603,633,Visit,Visit,Critical,Critical,3740000.0,3740000.0,-0.034400000000000014,30,False,False
CTR-00277-1,CUST-00277,2026-08-01,2026-08-31,Cannot Pay,Can Pay,0.3796,0.5024,195,225,Visit,Deskcoll,Critical,High,22992000.0,20118000.0,0.12279999999999996,30,True,True
CTR-00277-2,CUST-00277,2026-08-01,2026-08-31,Can Pay,Can Pay,0.8226,0.9205,373,403,Deskcoll,Deskcoll,Medium,Medium,19290000.0,19290000.0,0.09789999999999999,30,False,False
CTR-00277-3,CUST-00277,2026-08-01,2026-08-31,Can Pay,Can Pay,0.9219,0.8682,296,326,Deskcoll,Deskcoll,Medium,Medium,8370000.0,8370000.0,-0.05370000000000008,30,False,False
CTR-00278-1,CUST-00278,2026-08-01,2026-08-31,Cannot Pay,Cannot Pay,0.4421,0.3114,254,284,Visit,Visit,High,High,9894000.0,9312000.0,-0.13069999999999998,30,False,False
CTR-00279-1,CUST-00279,2026-08-01,2026-08-31,Cannot Pay,Can Pay,0.4966,0.8757,79,109,Deskcoll,Deskcoll,Critical,High,42966000.0,42966000.0,0.37910000000000005,30,True,False
CTR-00280-1,CUST-00280,2026-08-01,2026-08-31,Won't Pay,Won't Pay,0.1396,0.1301,321,351,Visit,Visit,High,High,4818000.0,4818000.0,-0.009500000000000008,30,False,False
CTR-00281-1,CUST-00281,2026-08-01,2026-08-31,Won't Pay,Won't Pay,0.0643,0.0329,254,284,Somasi,Somasi,Critical,Critical,7072000.0,7072000.0,-0.0314,30,False,False
CTR-00282-1,CUST-00282,2026-08-01,2026-08-31,Won't Pay,Won't Pay,0.156,0.1844,283,313,Somasi,Somasi,Critical,Critical,13872000.0,13872000.0,0.02840000000000001,30,False,False
CTR-00283-1,CUST-00283,2026-08-01,2026-08-31,Can Pay,Can Pay,0.6395,0.5003,244,274,Deskcoll,Deskcoll,High,High,33137000.0,30588000.0,-0.1392,30,False,False
CTR-00283-2,CUST-00283,2026-08-01,2026-08-31,Can Pay,Can Pay,0.6151,0.7785,156,186,Deskcoll,Deskcoll,High,High,46412000.0,34809000.0,0.1634,30,False,False
CTR-00285-1,CUST-00285,2026-08-01,2026-08-31,Won't Pay,Won't Pay,0.2272,0.1714,455,485,Pickup,Pickup,Critical,Critical,24440000.0,24440000.0,-0.055800000000000016,30,False,False
CTR-00285-2,CUST-00285,2026-08-01,2026-08-31,Cannot Pay,Cannot Pay,0.3245,0.3497,228,258,Visit,Visit,Critical,Critical,56115000.0,56115000.0,0.0252,30,False,False
CTR-00286-1,CUST-00286,2026-08-01,2026-08-31,Won't Pay,Won't Pay,0.0656,0.2217,107,137,Visit,Visit,Critical,Critical,3688000.0,3688000.0,0.15610000000000002,30,False,False
CTR-00287-1,CUST-00287,2026-08-01,2026-08-31,Won't Pay,Won't Pay,0.1275,0.1022,837,867,Visit,Visit,Critical,Critical,3223000.0,3223000.0,-0.025300000000000003,30,False,False
CTR-00288-1,CUST-00288,2026-08-01,2026-08-31,Won't Pay,Won't Pay,0.2569,0.2942,159,189,Somasi,Somasi,Critical,Critical,55692000.0,55692000.0,0.0373,30,False,False
CTR-00289-1,CUST-00289,2026-08-01,2026-08-31,Won't Pay,Won't Pay,0.061,0.2081,385,415,Somasi,Somasi,Critical,Critical,7920000.0,7920000.0,0.1471,30,False,False
CTR-00290-1,CUST-00290,2026-08-01,2026-08-31,Cannot Pay,Won't Pay,0.3838,0.1977,423,453,Visit,Somasi,High,Critical,9232000.0,9232000.0,-0.1861,30,True,True
CTR-00291-1,CUST-00291,2026-08-01,2026-08-31,Won't Pay,Can Pay,0.202,0.9239,269,299,Somasi,Deskcoll,Critical,Medium,10186000.0,10186000.0,0.7219,30,True,True
CTR-00292-1,CUST-00292,2026-08-01,2026-08-31,Can Pay,Can Pay,0.6298,0.5251,316,346,Deskcoll,Deskcoll,Medium,Medium,10008000.0,9452000.0,-0.10470000000000002,30,False,False
CTR-00292-2,CUST-00292,2026-08-01,2026-08-31,Can Pay,Can Pay,0.649,0.501,347,377,Deskcoll,Deskcoll,Low,Low,2898000.0,2691000.0,-0.14800000000000002,30,False,False
CTR-00293-1,CUST-00293,2026-08-01,2026-08-31,Can Pay,Cannot Pay,0.5894,0.3434,302,332,Visit,Visit,Medium,High,9856000.0,9856000.0,-0.24600000000000005,30,True,False
CTR-00294-1,CUST-00294,2026-08-01,2026-08-31,Won't Pay,Can Pay,0.2469,0.5649,378,408,Somasi,Visit,Critical,Medium,7185000.0,7185000.0,0.31799999999999995,30,True,True
CTR-00294-2,CUST-00294,2026-08-01,2026-08-31,Won't Pay,Won't Pay,0.0396,0.0278,485,515,Somasi,Somasi,Critical,Critical,10323000.0,10323000.0,-0.011800000000000005,30,False,False
CTR-00295-1,CUST-00295,2026-08-01,2026-08-31,Cannot Pay,Can Pay,0.3837,0.7097,347,377,Visit,Deskcoll,High,Medium,17210000.0,17210000.0,0.326,30,True,True
CTR-00295-2,CUST-00295,2026-08-01,2026-08-31,Won't Pay,Won't Pay,0.0574,0.1686,787,817,Somasi,Somasi,Critical,Critical,19916000.0,19150000.0,0.1112,30,False,False
CTR-00295-3,CUST-00295,2026-08-01,2026-08-31,Can Pay,Can Pay,0.6414,0.8545,235,265,Deskcoll,Deskcoll,High,High,32752000.0,32752000.0,0.21310000000000007,30,False,False
CTR-00296-1,CUST-00296,2026-08-01,2026-08-31,Cannot Pay,Cannot Pay,0.4402,0.3494,185,215,Visit,Visit,High,High,13566000.0,11628000.0,-0.09079999999999999,30,False,False
CTR-00297-1,CUST-00297,2026-08-01,2026-08-31,Cannot Pay,Won't Pay,0.4501,0.293,311,341,Visit,Visit,Medium,High,4452000.0,4452000.0,-0.15710000000000002,30,True,False
CTR-00298-1,CUST-00298,2026-08-01,2026-08-31,Can Pay,Can Pay,0.1649,0.1941,0,0,WA,WA,Medium,Medium,5520000.0,4600000.0,0.029200000000000004,0,False,False
CTR-00298-2,CUST-00298,2026-08-01,2026-08-31,Won't Pay,Won't Pay,0.1713,0.1195,505,535,Somasi,Somasi,Critical,Critical,6120000.0,6120000.0,-0.05180000000000001,30,False,False
CTR-00299-1,CUST-00299,2026-08-01,2026-08-31,Won't Pay,Won't Pay,0.2584,0.2449,459,489,Somasi,Visit,Critical,High,5410000.0,4869000.0,-0.013500000000000012,30,False,True
CTR-00300-1,CUST-00300,2026-08-01,2026-08-31,Won't Pay,Can Pay,0.2389,0.6411,221,251,Somasi,Deskcoll,Critical,Medium,19578000.0,19578000.0,0.4022,30,True,True
