run_id,n_customers,stage,duration_s,peak_rss_mb,rows,started_at
20260812014817410716,,train_initial:load,0.1908,155.03,721,2026-08-12T01:48:17.410747
20260812014817410716,500,train_initial:feature,1.5177,164.38,721,2026-08-12T01:48:17.603410
20260812014817410716,500,train_initial:train,3.2787,168.69,721,2026-08-12T01:48:19.121454
20260812014817410716,500,train_initial:register,0.008,168.69,,2026-08-12T01:48:22.402109
20260812014823731701,,train_self_cure:load,0.1714,156.62,721,2026-08-12T01:48:23.731726
20260812014823731701,500,train_self_cure:feature,1.4106,167.75,416,2026-08-12T01:48:23.903600
20260812014823731701,500,train_self_cure:train,1.5919,177.0,416,2026-08-12T01:48:25.314513
20260812014823731701,500,train_self_cure:register,0.0063,177.11,,2026-08-12T01:48:26.907552
20260812014828271938,,train_roll_forward:load,0.1772,157.64,721,2026-08-12T01:48:28.271963
20260812014828271938,500,train_roll_forward:feature,1.5424,168.83,427,2026-08-12T01:48:28.449683
20260812014828271938,500,train_roll_forward:train,2.5633,172.27,427,2026-08-12T01:48:29.992357
20260812014828271938,500,train_roll_forward:register,0.0062,172.27,,2026-08-12T01:48:32.557236
20260812014833718216,,train_ptp_success:load,0.1649,155.78,721,2026-08-12T01:48:33.718241
20260812014833718216,500,train_ptp_success:feature,1.4127,165.5,629,2026-08-12T01:48:33.883607
20260812014833718216,500,train_ptp_success:train,2.315,178.38,629,2026-08-12T01:48:35.296650
20260812014833718216,500,train_ptp_success:register,0.0059,178.52,,2026-08-12T01:48:37.612888
20260812014838223228,,load_contract,0.06,84.92,690,2026-08-12T01:48:38.223249
20260812014838223228,485,load_payment,0.0232,91.38,6923,2026-08-12T01:48:38.283463
20260812014838223228,485,load_lkp,0.0587,105.83,15480,2026-08-12T01:48:38.306876
20260812014838223228,485,load_cbs,0.0041,105.83,0,2026-08-12T01:48:38.365850
20260812014838223228,485,feature_contract,0.4932,113.67,690,2026-08-12T01:48:38.370081
20260812014838223228,485,cbs_bootstrap,0.9283,114.27,485,2026-08-12T01:48:38.863666
20260812014838223228,485,enrich_and_fill,0.0054,114.27,690,2026-08-12T01:48:39.792166
20260812014838223228,485,score_contracts,0.6204,165.16,690,2026-08-12T01:48:39.797694
20260812014838223228,485,confidence_level,0.0051,165.17,690,2026-08-12T01:48:40.418318
20260812014838223228,485,business_rules,0.0147,165.23,690,2026-08-12T01:48:40.423519
20260812014838223228,485,restructuring_assessment,0.7881,171.72,,2026-08-12T01:48:40.438427
20260812014838223228,485,quality_check,0.0035,171.72,,2026-08-12T01:48:41.226735
20260812014838223228,485,persist_output,0.0367,171.72,,2026-08-12T01:48:41.230408
20260812020904550705,,load_contract,0.0719,84.72,690,2026-08-12T02:09:04.550733
20260812020904550705,485,load_payment,0.0248,91.2,6923,2026-08-12T02:09:04.622957
20260812020904550705,485,load_lkp,0.0573,106.48,15480,2026-08-12T02:09:04.648003
20260812020904550705,485,load_cbs,0.0087,106.48,485,2026-08-12T02:09:04.705596
20260812020904550705,485,feature_contract,0.5037,115.61,690,2026-08-12T02:09:04.714548
20260812020904550705,485,enrich_and_fill,0.0065,115.83,690,2026-08-12T02:09:05.218665
20260812020904550705,485,score_contracts,0.9498,167.39,690,2026-08-12T02:09:05.225308
20260812020904550705,485,confidence_level,0.0052,167.39,690,2026-08-12T02:09:06.175440
20260812020904550705,485,business_rules,0.0148,167.47,690,2026-08-12T02:09:06.180888
20260812020904550705,485,restructuring_assessment,0.8952,174.27,,2026-08-12T02:09:06.195886
20260812020904550705,485,quality_check,0.0033,174.27,,2026-08-12T02:09:07.091425
20260812020904550705,485,persist_output,0.0418,174.27,,2026-08-12T02:09:07.094905
20260812021035530461,,load_contract,0.0728,84.44,690,2026-08-12T02:10:35.530488
20260812021035530461,485,load_payment,0.0252,91.08,6923,2026-08-12T02:10:35.603633
20260812021035530461,485,load_lkp,0.0601,106.14,15480,2026-08-12T02:10:35.629125
20260812021035530461,485,load_cbs,0.0193,106.14,485,2026-08-12T02:10:35.689485
20260812021035530461,485,feature_contract,0.5852,113.67,690,2026-08-12T02:10:35.710263
20260812021035530461,485,enrich_and_fill,0.0064,113.77,690,2026-08-12T02:10:36.295797
20260812021035530461,485,score_contracts,0.9584,164.78,690,2026-08-12T02:10:36.302372
20260812021035530461,485,confidence_level,0.0052,164.81,690,2026-08-12T02:10:37.261021
20260812021035530461,485,business_rules,0.0148,165.25,690,2026-08-12T02:10:37.266412
20260812021035530461,485,restructuring_assessment,0.8089,172.34,,2026-08-12T02:10:37.281381
20260812021035530461,485,quality_check,0.0033,172.34,,2026-08-12T02:10:38.090548
20260812021035530461,485,persist_output,0.1917,180.77,690,2026-08-12T02:10:38.093954
20260812021105064751,,load_contract,0.0812,84.81,690,2026-08-12T02:11:05.064782
20260812021105064751,485,load_payment,0.0244,91.17,6923,2026-08-12T02:11:05.146298
20260812021105064751,485,load_lkp,0.0633,104.86,15480,2026-08-12T02:11:05.170882
20260812021105064751,485,load_cbs,0.0068,104.86,485,2026-08-12T02:11:05.234432
20260812021105064751,485,feature_contract,0.5594,110.75,690,2026-08-12T02:11:05.241401
20260812021105064751,485,enrich_and_fill,0.0065,110.84,690,2026-08-12T02:11:05.801117
20260812021105064751,485,score_contracts,0.9235,162.05,690,2026-08-12T02:11:05.807868
20260812021105064751,485,confidence_level,0.0053,162.12,690,2026-08-12T02:11:06.731634
20260812021105064751,485,business_rules,0.0149,162.2,690,2026-08-12T02:11:06.737083
20260812021105064751,485,restructuring_assessment,0.8074,170.2,,2026-08-12T02:11:06.752160
20260812021105064751,485,quality_check,0.0032,170.2,,2026-08-12T02:11:07.559817
20260812021105064751,485,persist_output,0.0546,170.2,690,2026-08-12T02:11:07.563216
20260812024923548706,,load_contract,0.1038,92.31,4176,2026-08-12T02:49:23.548744
20260812024923548706,2931,load_payment,0.166,136.31,41856,2026-08-12T02:49:23.653222
20260812024923548706,2931,load_lkp,0.3578,219.77,91755,2026-08-12T02:49:23.819581
20260812024923548706,2931,load_cbs,0.0064,219.77,0,2026-08-12T02:49:24.177758
20260812024923548706,2931,feature_contract,2.7471,269.3,4176,2026-08-12T02:49:24.184340
20260812024923548706,2931,cbs_bootstrap,5.0462,270.34,2931,2026-08-12T02:49:26.931872
20260812024923548706,2931,enrich_and_fill,0.0093,270.34,4176,2026-08-12T02:49:31.978510
20260812024923548706,2931,score_contracts,0.9687,311.56,4176,2026-08-12T02:49:31.988009
20260812024923548706,2931,confidence_level,0.0061,311.8,4176,2026-08-12T02:49:32.957040
20260812024923548706,2931,business_rules,0.0237,312.17,4176,2026-08-12T02:49:32.963266
20260812024923548706,2931,restructuring_assessment,5.8467,324.7,,2026-08-12T02:49:32.987235
20260812024923548706,2931,quality_check,0.0061,324.7,,2026-08-12T02:49:38.834365
20260812024923548706,2931,persist_output,0.2368,324.7,4176,2026-08-12T02:49:38.840678
20260812025223402822,,train_initial:load,9.1434,1729.62,72090,2026-08-12T02:52:23.402849
20260812025450270310,,train_initial:load,9.0538,1836.59,72090,2026-08-12T02:54:50.270333
20260812025450270310,50000,train_initial:feature,133.2357,1998.58,72090,2026-08-12T02:54:59.332415
20260812025450270310,50000,train_initial:train,26.7345,1998.58,72090,2026-08-12T02:57:12.569932
20260812025450270310,50000,train_initial:register,0.015,1998.58,,2026-08-12T02:57:39.338866
20260812025958429910,,load_contract,0.7226,241.64,69210,2026-08-12T02:59:58.429946
20260812025958429910,48750,load_payment,2.7045,839.75,690430,2026-08-12T02:59:59.152984
20260812025958429910,48750,load_lkp,5.7584,1654.72,1497570,2026-08-12T03:00:01.858004
20260812025958429910,48750,load_cbs,0.0105,1654.72,0,2026-08-12T03:00:07.617258
20260812025958429910,48750,feature_contract,82.2858,1919.36,69210,2026-08-12T03:00:07.628075
20260812025958429910,48750,cbs_bootstrap,131.6365,2020.36,48750,2026-08-12T03:01:29.916247
20260812025958429910,48750,enrich_and_fill,0.1717,2020.36,69210,2026-08-12T03:07:33.991720
20260812025958429910,48750,score_contracts,2.0755,2020.36,69210,2026-08-12T03:07:34.163741
20260812025958429910,48750,confidence_level,0.0481,2020.36,69210,2026-08-12T03:07:36.239508
20260812025958429910,48750,business_rules,0.2634,2020.36,69210,2026-08-12T03:07:36.287964
20260812025958429910,48750,restructuring_assessment,361.49,2020.36,,2026-08-12T03:07:36.551709
20260812025958429910,48750,quality_check,0.147,2020.36,,2026-08-12T03:13:38.043482
20260812025958429910,48750,persist_output,2.6788,2020.36,69210,2026-08-12T03:13:38.190836
20260812031814978167,,train_initial:load,0.6255,342.0,7305,2026-08-12T03:18:14.978182
20260812031814978167,5000,train_initial:feature,7.5451,426.61,7305,2026-08-12T03:18:15.605312
20260812031814978167,5000,train_initial:train,4.7567,437.92,7305,2026-08-12T03:18:23.150759
20260812031814978167,5000,train_initial:register,0.0045,437.92,,2026-08-12T03:18:27.908683
20260812031828886693,,train_self_cure:load,0.6239,347.92,7305,2026-08-12T03:18:28.886711
20260812031828886693,5000,train_self_cure:feature,7.815,397.16,4440,2026-08-12T03:18:29.511240
20260812031828886693,5000,train_self_cure:train,3.089,397.16,4440,2026-08-12T03:18:37.326592
20260812031828886693,5000,train_self_cure:register,0.0037,397.16,,2026-08-12T03:18:40.416532
20260812031841338051,,train_roll_forward:load,0.6632,344.92,7305,2026-08-12T03:18:41.338067
20260812031841338051,5000,train_roll_forward:feature,7.9797,412.56,4064,2026-08-12T03:18:42.001992
20260812031841338051,5000,train_roll_forward:train,3.771,412.56,4064,2026-08-12T03:18:49.982182
20260812031841338051,5000,train_roll_forward:register,0.0042,412.56,,2026-08-12T03:18:53.753750
20260812031854641128,,train_ptp_success:load,0.6548,357.42,7305,2026-08-12T03:18:54.641143
20260812031854641128,5000,train_ptp_success:feature,7.6198,420.03,6381,2026-08-12T03:18:55.296725
20260812031854641128,5000,train_ptp_success:train,3.1977,423.33,6381,2026-08-12T03:19:02.916941
20260812031854641128,5000,train_ptp_success:register,0.0043,423.33,,2026-08-12T03:19:06.115088
20260812031906613743,,load_contract,0.0832,98.5,7004,2026-08-12T03:19:06.613758
20260812031906613743,4871,load_payment,0.1768,170.0,70060,2026-08-12T03:19:06.697057
20260812031906613743,4871,load_lkp,0.367,303.81,149595,2026-08-12T03:19:06.874165
20260812031906613743,4871,load_cbs,0.0064,303.81,0,2026-08-12T03:19:07.241496
20260812031906613743,4871,feature_contract,2.6627,346.91,7004,2026-08-12T03:19:07.248008
20260812031906613743,4871,cbs_bootstrap,4.7652,349.84,4871,2026-08-12T03:19:09.911422
20260812031906613743,4871,enrich_and_fill,0.0092,349.91,7004,2026-08-12T03:19:14.676439
20260812031906613743,4871,score_contracts,0.5279,387.36,7004,2026-08-12T03:19:14.685775
20260812031906613743,4871,confidence_level,0.004,387.36,7004,2026-08-12T03:19:15.213774
20260812031906613743,4871,business_rules,0.0178,387.36,7004,2026-08-12T03:19:15.217858
20260812031906613743,4871,restructuring_assessment,6.8094,432.88,,2026-08-12T03:19:15.235801
20260812031906613743,4871,quality_check,0.0069,432.88,,2026-08-12T03:19:22.045096
20260812031906613743,4871,persist_output,0.6785,432.88,7004,2026-08-12T03:19:22.052212
20260812031943430192,,train_initial:load,1.1781,538.8,14531,2026-08-12T03:19:43.430207
20260812031943430192,10000,train_initial:feature,15.0636,715.91,14531,2026-08-12T03:19:44.609631
20260812031943430192,10000,train_initial:train,6.1079,726.17,14531,2026-08-12T03:19:59.674272
20260812031943430192,10000,train_initial:register,0.0043,726.17,,2026-08-12T03:20:05.784051
20260812032006722920,,train_self_cure:load,1.1736,529.86,14531,2026-08-12T03:20:06.722935
20260812032006722920,10000,train_self_cure:feature,14.8737,661.0,8761,2026-08-12T03:20:07.897579
20260812032006722920,10000,train_self_cure:train,3.6737,672.31,8761,2026-08-12T03:20:22.771637
20260812032006722920,10000,train_self_cure:register,0.0036,672.31,,2026-08-12T03:20:26.446238
20260812032027256032,,train_roll_forward:load,1.1592,543.44,14531,2026-08-12T03:20:27.256046
20260812032027256032,10000,train_roll_forward:feature,15.4479,594.55,8311,2026-08-12T03:20:28.416271
20260812032027256032,10000,train_roll_forward:train,4.4318,594.55,8311,2026-08-12T03:20:43.864741
20260812032027256032,10000,train_roll_forward:register,0.0041,594.55,,2026-08-12T03:20:48.297498
20260812032049235442,,train_ptp_success:load,1.2019,536.75,14531,2026-08-12T03:20:49.235458
20260812032049235442,10000,train_ptp_success:feature,14.8888,631.86,12673,2026-08-12T03:20:50.439251
20260812032049235442,10000,train_ptp_success:train,3.9783,639.28,12673,2026-08-12T03:21:05.329168
20260812032049235442,10000,train_ptp_success:register,0.004,639.28,,2026-08-12T03:21:09.308595
20260812032109872386,,load_contract,0.1285,115.09,13980,2026-08-12T03:21:09.872400
20260812032109872386,9756,load_payment,0.3533,243.64,138094,2026-08-12T03:21:10.001157
20260812032109872386,9756,load_lkp,0.6229,497.34,302324,2026-08-12T03:21:10.354765
20260812032109872386,9756,load_cbs,0.0035,497.34,0,2026-08-12T03:21:10.978176
20260812032109872386,9756,feature_contract,5.2805,629.53,13980,2026-08-12T03:21:10.981766
20260812032109872386,9756,cbs_bootstrap,9.3468,630.47,9756,2026-08-12T03:21:16.263385
20260812032109872386,9756,enrich_and_fill,0.0168,630.53,13980,2026-08-12T03:21:25.610448
20260812032109872386,9756,score_contracts,0.6736,666.95,13980,2026-08-12T03:21:25.627398
20260812032109872386,9756,confidence_level,0.0058,666.95,13980,2026-08-12T03:21:26.301195
20260812032109872386,9756,business_rules,0.0297,678.39,13980,2026-08-12T03:21:26.307169
20260812032109872386,9756,restructuring_assessment,18.4293,693.91,,2026-08-12T03:21:26.337117
20260812032109872386,9756,quality_check,0.0134,693.91,,2026-08-12T03:21:44.767185
20260812032109872386,9756,persist_output,0.4392,693.91,13980,2026-08-12T03:21:44.780838
20260812032608784178,,train_initial:load,2.8628,1085.03,36182,2026-08-12T03:26:08.784191
20260812032608784178,25000,train_initial:feature,38.0087,1416.95,36182,2026-08-12T03:26:11.654271
20260812032608784178,25000,train_initial:train,8.9878,1416.95,36182,2026-08-12T03:26:49.663605
20260812032608784178,25000,train_initial:register,0.0045,1416.95,,2026-08-12T03:26:58.657181
20260812032659703470,,train_self_cure:load,2.8749,1119.84,36182,2026-08-12T03:26:59.703487
20260812032659703470,25000,train_self_cure:feature,37.7916,1280.42,21734,2026-08-12T03:27:02.580768
20260812032659703470,25000,train_self_cure:train,5.5755,1280.42,21734,2026-08-12T03:27:40.373161
20260812032659703470,25000,train_self_cure:register,0.004,1280.42,,2026-08-12T03:27:45.949937
20260812032747005250,,train_roll_forward:load,2.8568,1088.98,36182,2026-08-12T03:27:47.005265
20260812032747005250,25000,train_roll_forward:feature,37.5754,1295.69,20568,2026-08-12T03:27:49.865301
20260812032747005250,25000,train_roll_forward:train,6.1595,1295.69,20568,2026-08-12T03:28:27.441758
20260812032747005250,25000,train_roll_forward:register,0.0048,1295.69,,2026-08-12T03:28:33.602681
20260812032834746713,,train_ptp_success:load,2.8855,1075.33,36182,2026-08-12T03:28:34.746728
20260812032834746713,25000,train_ptp_success:feature,38.7603,1302.92,31552,2026-08-12T03:28:37.634877
20260812032834746713,25000,train_ptp_success:train,6.153,1302.92,31552,2026-08-12T03:29:16.396504
20260812032834746713,25000,train_ptp_success:register,0.0086,1302.92,,2026-08-12T03:29:22.550956
20260812032923216800,,load_contract,0.2402,168.17,34763,2026-08-12T03:29:23.216814
20260812032923216800,24342,load_payment,0.8487,479.08,344397,2026-08-12T03:29:23.457206
20260812032923216800,24342,load_lkp,1.7274,955.47,755482,2026-08-12T03:29:24.306284
20260812032923216800,24342,load_cbs,0.0046,955.47,0,2026-08-12T03:29:26.034080
20260812032923216800,24342,feature_contract,13.7668,1105.16,34763,2026-08-12T03:29:26.038811
20260812032923216800,24342,cbs_bootstrap,23.5583,1118.81,24342,2026-08-12T03:29:39.806998
20260812032923216800,24342,enrich_and_fill,0.0551,1118.81,34763,2026-08-12T03:30:03.366195
20260812032923216800,24342,score_contracts,0.9645,1118.81,34763,2026-08-12T03:30:03.421483
20260812032923216800,24342,confidence_level,0.0115,1118.81,34763,2026-08-12T03:30:04.386224
20260812032923216800,24342,business_rules,0.0726,1118.81,34763,2026-08-12T03:30:04.397987
20260812032923216800,24342,restructuring_assessment,86.2115,1118.81,,2026-08-12T03:30:04.470787
20260812032923216800,24342,quality_check,0.0395,1118.81,,2026-08-12T03:31:30.683736
20260812032923216800,24342,persist_output,1.4887,1118.81,34763,2026-08-12T03:31:30.723575
20260812033224551012,,train_initial:load,10.1364,1722.33,72667,2026-08-12T03:32:24.551028
20260812033224551012,50000,train_initial:feature,79.4508,2052.3,72667,2026-08-12T03:32:34.694147
20260812033224551012,50000,train_initial:train,13.9421,2052.3,72667,2026-08-12T03:33:54.144400
20260812033224551012,50000,train_initial:register,0.0134,2052.3,,2026-08-12T03:34:08.087227
20260812033410804138,,train_self_cure:load,5.9961,1888.3,72667,2026-08-12T03:34:10.804163
20260812033410804138,50000,train_self_cure:feature,81.5323,2122.06,43353,2026-08-12T03:34:16.804659
20260812033410804138,50000,train_self_cure:train,9.2345,2122.06,43353,2026-08-12T03:35:38.335946
20260812033410804138,50000,train_self_cure:register,0.007,2122.06,,2026-08-12T03:35:47.573179
20260812033548976618,,train_roll_forward:load,6.1354,1829.61,72667,2026-08-12T03:35:48.976636
20260812033548976618,50000,train_roll_forward:feature,79.8748,2222.16,41636,2026-08-12T03:35:55.118274
20260812033548976618,50000,train_roll_forward:train,8.2902,2222.16,41636,2026-08-12T03:37:14.994560
20260812033548976618,50000,train_roll_forward:register,0.0065,2222.16,,2026-08-12T03:37:23.287051
20260812033724604029,,train_ptp_success:load,6.2685,1847.41,72667,2026-08-12T03:37:24.604046
20260812033724604029,50000,train_ptp_success:feature,81.4594,2149.48,63529,2026-08-12T03:37:30.878103
20260812033724604029,50000,train_ptp_success:train,9.5061,2149.48,63529,2026-08-12T03:38:52.339301
20260812033724604029,50000,train_ptp_success:register,0.0069,2149.48,,2026-08-12T03:39:01.848032
20260812033902710218,,load_contract,0.4581,258.94,69705,2026-08-12T03:39:02.710232
20260812033902710218,48649,load_payment,1.8042,886.08,695508,2026-08-12T03:39:03.168483
20260812033902710218,48649,load_lkp,3.6063,1710.2,1519475,2026-08-12T03:39:04.973032
20260812033902710218,48649,load_cbs,0.0088,1710.2,0,2026-08-12T03:39:08.579855
20260812033902710218,48649,feature_contract,28.6441,1972.17,69705,2026-08-12T03:39:08.588802
20260812033902710218,48649,cbs_bootstrap,47.0742,2030.7,48649,2026-08-12T03:39:37.234325
20260812033902710218,48649,enrich_and_fill,0.1189,2030.7,69705,2026-08-12T03:40:24.310623
20260812033902710218,48649,score_contracts,1.2625,2030.7,69705,2026-08-12T03:40:24.429854
20260812033902710218,48649,confidence_level,0.022,2030.7,69705,2026-08-12T03:40:25.692601
20260812033902710218,48649,business_rules,0.164,2030.7,69705,2026-08-12T03:40:25.714838
20260812033902710218,48649,restructuring_assessment,349.005,2030.7,,2026-08-12T03:40:25.879128
20260812033902710218,48649,quality_check,0.2086,2030.7,,2026-08-12T03:46:14.885452
20260812033902710218,48649,persist_output,2.9071,2030.7,69705,2026-08-12T03:46:15.094341
20260812034736990896,,train_initial:load,21.0062,2763.5,145425,2026-08-12T03:47:36.990911
20260812034736990896,100000,train_initial:feature,181.6783,3334.06,145425,2026-08-12T03:47:58.013081
20260812034736990896,100000,train_initial:train,23.2385,3334.06,145425,2026-08-12T04:06:25.475459
20260812034736990896,100000,train_initial:register,0.0107,3334.06,,2026-08-12T04:06:48.738270
20260812040650700849,,train_self_cure:load,18.6256,2780.73,145425,2026-08-12T04:06:50.700864
20260812040650700849,100000,train_self_cure:feature,183.2702,3388.78,87790,2026-08-12T04:22:08.420716
20260812040650700849,100000,train_self_cure:train,12.9088,3388.78,87790,2026-08-12T04:25:11.668729
20260812040650700849,100000,train_self_cure:register,0.006,3388.78,,2026-08-12T04:25:24.581072
20260812042526649546,,train_roll_forward:load,14.3702,2745.67,145425,2026-08-12T04:25:26.649561
20260812042526649546,100000,train_roll_forward:feature,158.1223,3358.78,82325,2026-08-12T04:25:41.033236
20260812042526649546,100000,train_roll_forward:train,27.0871,3358.78,82325,2026-08-12T04:43:17.889758
20260812042526649546,100000,train_roll_forward:register,0.0364,3358.78,,2026-08-12T04:43:45.027403
20260812044350970596,,train_ptp_success:load,14.6575,2900.11,145425,2026-08-12T04:43:50.970613
20260812044350970596,100000,train_ptp_success:feature,181.1489,3226.11,126777,2026-08-12T04:44:05.643152
20260812044350970596,100000,train_ptp_success:train,20.6018,3226.11,126777,2026-08-12T05:02:05.901744
20260812044350970596,100000,train_ptp_success:register,0.013,3226.11,,2026-08-12T05:02:26.511526
20260812050228244851,,load_contract,0.9903,416.38,139645,2026-08-12T05:02:28.244867
20260812050228244851,97125,load_payment,4.0129,1602.03,1402140,2026-08-12T05:02:29.235389
20260812050228244851,97125,load_lkp,10.2919,2823.23,3031975,2026-08-12T05:02:33.248520
20260812050228244851,97125,load_cbs,0.0073,2823.23,0,2026-08-12T05:02:43.541109
20260812050228244851,97125,feature_contract,96.2737,2914.44,139645,2026-08-12T05:02:43.548594
20260812050228244851,97125,cbs_bootstrap,183.9057,2983.12,97125,2026-08-12T05:04:19.824345
20260812050228244851,97125,enrich_and_fill,0.3499,2983.12,139645,2026-08-12T05:07:23.732285
20260812050228244851,97125,score_contracts,2.7033,2983.12,139645,2026-08-12T05:07:24.082521
20260812050228244851,97125,confidence_level,0.1075,2983.12,139645,2026-08-12T05:07:26.786164
20260812050228244851,97125,business_rules,0.7278,2983.12,139645,2026-08-12T05:07:26.894109
20260812093958842880,,train_initial:load,0.6149,272.28,4329,2026-08-12T09:39:58.842906
20260812093958842880,3000,train_initial:feature,7.8789,306.39,4329,2026-08-12T09:39:59.460679
20260812093958842880,3000,train_initial:train,5.6158,306.39,4329,2026-08-12T09:40:07.339936
20260812093958842880,3000,train_initial:register,0.0067,306.39,,2026-08-12T09:40:12.958616
20260812094014342421,,train_self_cure:load,0.5847,269.66,4329,2026-08-12T09:40:14.342443
20260812094014342421,3000,train_self_cure:feature,7.8004,320.81,2561,2026-08-12T09:40:14.928071
20260812094014342421,3000,train_self_cure:train,3.4642,329.84,2561,2026-08-12T09:40:22.728767
20260812094014342421,3000,train_self_cure:register,0.0059,330.05,,2026-08-12T09:40:26.194200
20260812094027525523,,train_roll_forward:load,0.5848,261.86,4329,2026-08-12T09:40:27.525546
20260812094027525523,3000,train_roll_forward:feature,7.8778,308.81,2487,2026-08-12T09:40:28.111885
20260812094027525523,3000,train_roll_forward:train,4.3269,317.39,2487,2026-08-12T09:40:35.990130
20260812094027525523,3000,train_roll_forward:register,0.007,317.39,,2026-08-12T09:40:40.318246
20260812094041660695,,train_ptp_success:load,0.5828,269.59,4329,2026-08-12T09:40:41.660717
20260812094041660695,3000,train_ptp_success:feature,7.8754,331.69,3791,2026-08-12T09:40:42.244616
20260812094041660695,3000,train_ptp_success:train,3.8401,340.56,3791,2026-08-12T09:40:50.121051
20260812094041660695,3000,train_ptp_success:register,0.0065,340.56,,2026-08-12T09:40:53.963358
20260812094054667685,,load_contract,0.0908,92.19,4167,2026-08-12T09:40:54.667709
20260812094054667685,2920,load_payment,0.1938,133.67,41145,2026-08-12T09:40:54.758655
20260812094054667685,2920,load_lkp,0.2923,209.3,90599,2026-08-12T09:40:54.952768
20260812094054667685,2920,load_cbs,0.0052,209.3,0,2026-08-12T09:40:55.245498
20260812094054667685,2920,feature_contract,2.7603,260.06,4167,2026-08-12T09:40:55.251006
20260812094054667685,2920,cbs_bootstrap,5.0359,260.7,2920,2026-08-12T09:40:58.011621
20260812094054667685,2920,enrich_and_fill,0.0102,260.77,4167,2026-08-12T09:41:03.047928
20260812094054667685,2920,score_contracts,0.9379,302.19,4167,2026-08-12T09:41:03.058365
20260812094054667685,2920,confidence_level,0.0062,302.47,4167,2026-08-12T09:41:03.996493
20260812094054667685,2920,business_rules,0.0236,302.84,4167,2026-08-12T09:41:04.002810
20260812094054667685,2920,restructuring_assessment,4.1291,330.52,,2026-08-12T09:41:04.026607
20260812094054667685,2920,quality_check,0.0065,330.52,,2026-08-12T09:41:08.156035
20260812094054667685,2920,persist_output,0.2144,330.52,4167,2026-08-12T09:41:08.162709
20260812100358001995,,train_initial:load,9.09,1850.19,72070,2026-08-12T10:03:58.002021
20260812100622501261,,train_initial:load,13.3991,1783.81,72070,2026-08-12T10:06:22.501291
20260812100622501261,50000,train_initial:feature,132.1754,2042.36,72070,2026-08-12T10:06:35.913590
20260812100622501261,50000,train_initial:train,20.2016,2042.36,72070,2026-08-12T10:08:48.105719
20260812100622501261,50000,train_initial:register,0.012,2042.36,,2026-08-12T10:09:08.318288
20260812100910403315,,train_self_cure:load,9.3234,1818.92,72070,2026-08-12T10:09:10.403336
20260812100910403315,50000,train_self_cure:feature,134.8566,2114.06,43730,2026-08-12T10:09:19.735325
20260812100910403315,50000,train_self_cure:train,12.0639,2114.06,43730,2026-08-12T10:16:31.317277
20260812100910403315,50000,train_self_cure:register,0.0086,2114.06,,2026-08-12T10:16:43.383015
20260812101645204063,,train_roll_forward:load,8.7429,1823.98,72070,2026-08-12T10:16:45.204086
20260812101645204063,50000,train_roll_forward:feature,133.0599,2111.66,40610,2026-08-12T10:16:53.954659
20260812101645204063,50000,train_roll_forward:train,12.2081,2111.66,40610,2026-08-12T10:21:08.017089
20260812101645204063,50000,train_roll_forward:register,0.0087,2111.66,,2026-08-12T10:21:20.227658
20260812102122085690,,train_ptp_success:load,8.7543,1824.33,72070,2026-08-12T10:21:22.085711
20260812102122085690,50000,train_ptp_success:feature,137.4504,2169.25,63180,2026-08-12T10:21:30.848116
20260812102122085690,50000,train_ptp_success:train,14.2963,2169.25,63180,2026-08-12T10:37:27.989074
20260812102122085690,50000,train_ptp_success:register,0.0078,2169.25,,2026-08-12T10:37:42.289320
20260812103743544342,,load_contract,0.7084,249.14,69190,2026-08-12T10:37:43.544371
20260812103743544342,48610,load_payment,2.7398,872.78,697730,2026-08-12T10:37:44.252960
20260812103743544342,48610,load_lkp,5.2674,1801.67,1495520,2026-08-12T10:37:46.993258
20260812103743544342,48610,load_cbs,0.0068,1801.67,0,2026-08-12T10:37:52.261056
20260812103743544342,48610,feature_contract,45.6421,1977.06,69190,2026-08-12T10:37:52.268079
20260812103743544342,48610,cbs_bootstrap,137.7147,2012.41,48610,2026-08-12T10:38:37.912429
20260812103743544342,48610,enrich_and_fill,0.1978,2012.41,69190,2026-08-12T10:55:11.990300
20260812103743544342,48610,score_contracts,2.0939,2012.41,69190,2026-08-12T10:55:12.188898
20260812103743544342,48610,confidence_level,0.0429,2012.41,69190,2026-08-12T10:55:14.283156
20260812103743544342,48610,business_rules,0.3472,2012.41,69190,2026-08-12T10:55:14.326470
20260812103743544342,48610,restructuring_assessment,66.5907,2012.41,,2026-08-12T10:55:14.673956
20260812103743544342,48610,quality_check,0.1469,2012.41,,2026-08-12T10:56:21.266416
20260812103743544342,48610,persist_output,4.4156,2012.41,69190,2026-08-12T10:56:21.413742
20260812111823707281,,train_initial:load,0.9523,343.05,7319,2026-08-12T11:18:23.707305
20260812111823707281,5000,train_initial:feature,1.3412,425.45,7319,2026-08-12T11:18:24.662530
20260812111823707281,5000,train_initial:train,6.6898,437.05,7319,2026-08-12T11:18:26.004010
20260812111823707281,5000,train_initial:register,0.0073,437.14,,2026-08-12T11:18:32.695654
20260812111834146775,,train_self_cure:load,0.9221,341.39,7319,2026-08-12T11:18:34.146799
20260812111834146775,5000,train_self_cure:feature,1.275,421.33,4418,2026-08-12T11:18:35.069959
20260812111834146775,5000,train_self_cure:train,3.8523,431.81,4418,2026-08-12T11:18:36.345443
20260812111834146775,5000,train_self_cure:register,0.0061,431.81,,2026-08-12T11:18:40.199039
20260812111841768524,,train_roll_forward:load,0.9349,353.11,7319,2026-08-12T11:18:41.768550
20260812111841768524,5000,train_roll_forward:feature,1.3175,456.36,4173,2026-08-12T11:18:42.705577
20260812111841768524,5000,train_roll_forward:train,4.8992,456.36,4173,2026-08-12T11:18:44.023387
20260812111841768524,5000,train_roll_forward:register,0.0062,456.36,,2026-08-12T11:18:48.923807
20260812111850114006,,train_ptp_success:load,0.9404,348.41,7319,2026-08-12T11:18:50.114046
20260812111850114006,5000,train_ptp_success:feature,1.3278,448.59,6374,2026-08-12T11:18:51.055391
20260812111850114006,5000,train_ptp_success:train,4.3647,458.56,6374,2026-08-12T11:18:52.383532
20260812111850114006,5000,train_ptp_success:register,0.0063,458.7,,2026-08-12T11:18:56.749535
20260812111857388475,,load_contract,0.1161,99.08,7039,2026-08-12T11:18:57.388500
20260812111857388475,4865,load_payment,0.2772,170.39,70399,2026-08-12T11:18:57.504856
20260812111857388475,4865,load_lkp,0.4881,291.55,153887,2026-08-12T11:18:57.782372
20260812111857388475,4865,load_cbs,0.0055,291.55,0,2026-08-12T11:18:58.270785
20260812111857388475,4865,feature_contract,0.9114,366.77,7039,2026-08-12T11:18:58.276541
20260812111857388475,4865,cbs_bootstrap,0.3052,367.3,4865,2026-08-12T11:18:59.188328
20260812111857388475,4865,enrich_and_fill,0.0135,367.34,7039,2026-08-12T11:18:59.493783
20260812111857388475,4865,score_contracts,0.7104,406.97,7039,2026-08-12T11:18:59.507514
20260812111857388475,4865,confidence_level,0.0067,406.97,7039,2026-08-12T11:19:00.218114
20260812111857388475,4865,business_rules,0.0306,406.97,7039,2026-08-12T11:19:00.225022
20260812111857388475,4865,restructuring_assessment,6.7725,493.2,,2026-08-12T11:19:00.255812
20260812111857388475,4865,quality_check,0.0093,493.2,,2026-08-12T11:19:07.029016
20260812111857388475,4865,persist_output,0.9506,493.2,7039,2026-08-12T11:19:07.038587
20260812111944123109,,train_initial:load,1.7577,542.53,14494,2026-08-12T11:19:44.123134
20260812111944123109,10000,train_initial:feature,2.544,679.89,14494,2026-08-12T11:19:45.883418
20260812111944123109,10000,train_initial:train,11.1976,690.22,14494,2026-08-12T11:19:48.427686
20260812111944123109,10000,train_initial:register,0.0105,690.22,,2026-08-12T11:19:59.628446
20260812112000977260,,train_self_cure:load,1.6998,540.83,14494,2026-08-12T11:20:00.977281
20260812112000977260,10000,train_self_cure:feature,2.4687,686.45,8694,2026-08-12T11:20:02.678594
20260812112000977260,10000,train_self_cure:train,5.1988,696.16,8694,2026-08-12T11:20:05.147593
20260812112000977260,10000,train_self_cure:register,0.0096,696.16,,2026-08-12T11:20:10.349708
20260812112011787012,,train_roll_forward:load,1.7198,550.52,14494,2026-08-12T11:20:11.787039
20260812112011787012,10000,train_roll_forward:feature,2.5476,695.69,8312,2026-08-12T11:20:13.508437
20260812112011787012,10000,train_roll_forward:train,7.851,704.86,8312,2026-08-12T11:20:16.056626
20260812112011787012,10000,train_roll_forward:register,0.0072,704.86,,2026-08-12T11:20:23.909502
20260812112025391298,,train_ptp_success:load,1.7556,540.77,14494,2026-08-12T11:20:25.391324
20260812112025391298,10000,train_ptp_success:feature,2.5285,654.53,12640,2026-08-12T11:20:27.148400
20260812112025391298,10000,train_ptp_success:train,5.792,660.47,12640,2026-08-12T11:20:29.677328
20260812112025391298,10000,train_ptp_success:register,0.0063,660.47,,2026-08-12T11:20:35.471498
20260812112036240035,,load_contract,0.1868,115.33,13901,2026-08-12T11:20:36.240056
20260812112036240035,9735,load_payment,0.5388,255.59,139472,2026-08-12T11:20:36.427060
20260812112036240035,9735,load_lkp,0.9585,492.09,304704,2026-08-12T11:20:36.966266
20260812112036240035,9735,load_cbs,0.0037,492.09,0,2026-08-12T11:20:37.925084
20260812112036240035,9735,feature_contract,1.7574,658.72,13901,2026-08-12T11:20:37.928919
20260812112036240035,9735,cbs_bootstrap,0.5354,668.47,9735,2026-08-12T11:20:39.686776
20260812112036240035,9735,enrich_and_fill,0.0206,668.47,13901,2026-08-12T11:20:40.222433
20260812112036240035,9735,score_contracts,0.8517,668.47,13901,2026-08-12T11:20:40.243233
20260812112036240035,9735,confidence_level,0.0091,668.47,13901,2026-08-12T11:20:41.095474
20260812112036240035,9735,business_rules,0.0495,668.47,13901,2026-08-12T11:20:41.104842
20260812112036240035,9735,restructuring_assessment,13.478,668.47,,2026-08-12T11:20:41.154582
20260812112036240035,9735,quality_check,0.0158,668.47,,2026-08-12T11:20:54.632992
20260812112036240035,9735,persist_output,0.7069,668.47,13901,2026-08-12T11:20:54.649039
20260812112220247205,,train_initial:load,4.3176,1120.2,36323,2026-08-12T11:22:20.247226
20260812112220247205,25000,train_initial:feature,6.465,1259.0,36323,2026-08-12T11:22:24.569723
20260812112220247205,25000,train_initial:train,13.2666,1269.58,36323,2026-08-12T11:22:31.035252
20260812112220247205,25000,train_initial:register,0.0096,1269.58,,2026-08-12T11:22:44.306151
20260812112245851626,,train_self_cure:load,4.2063,1111.22,36323,2026-08-12T11:22:45.851648
20260812112245851626,25000,train_self_cure:feature,6.3944,1225.56,21780,2026-08-12T11:22:50.061740
20260812112245851626,25000,train_self_cure:train,7.9238,1239.22,21780,2026-08-12T11:22:56.457043
20260812112245851626,25000,train_self_cure:register,0.0079,1239.22,,2026-08-12T11:23:04.383446
20260812112305976214,,train_roll_forward:load,4.2889,1098.36,36323,2026-08-12T11:23:05.976236
20260812112305976214,25000,train_roll_forward:feature,6.4429,1277.11,20660,2026-08-12T11:23:10.269186
20260812112305976214,25000,train_roll_forward:train,8.4529,1282.31,20660,2026-08-12T11:23:16.713214
20260812112305976214,25000,train_roll_forward:register,0.0096,1282.31,,2026-08-12T11:23:25.168214
20260812112326749087,,train_ptp_success:load,4.284,1113.92,36323,2026-08-12T11:23:26.749109
20260812112326749087,25000,train_ptp_success:feature,6.4512,1289.11,31649,2026-08-12T11:23:31.037638
20260812112326749087,25000,train_ptp_success:train,8.9816,1289.11,31649,2026-08-12T11:23:37.490636
20260812112326749087,25000,train_ptp_success:register,0.0102,1289.11,,2026-08-12T11:23:46.474887
20260812112347428113,,load_contract,0.3615,166.81,34854,2026-08-12T11:23:47.428137
20260812112347428113,24342,load_payment,1.322,476.41,346967,2026-08-12T11:23:47.789941
20260812112347428113,24342,load_lkp,2.3849,1063.42,756613,2026-08-12T11:23:49.112249
20260812112347428113,24342,load_cbs,0.0046,1063.42,0,2026-08-12T11:23:51.497584
20260812112347428113,24342,feature_contract,4.5205,1183.5,34854,2026-08-12T11:23:51.502378
20260812112347428113,24342,cbs_bootstrap,1.2802,1183.5,24342,2026-08-12T11:23:56.023875
20260812112347428113,24342,enrich_and_fill,0.055,1183.5,34854,2026-08-12T11:23:57.305288
20260812112347428113,24342,score_contracts,1.3834,1200.48,34854,2026-08-12T11:23:57.360594
20260812112347428113,24342,confidence_level,0.0169,1200.48,34854,2026-08-12T11:23:58.744290
20260812112347428113,24342,business_rules,0.1139,1200.48,34854,2026-08-12T11:23:58.761379
20260812112347428113,24342,restructuring_assessment,34.761,1284.69,,2026-08-12T11:23:58.875556
20260812112347428113,24342,quality_check,0.0599,1284.69,,2026-08-12T11:24:33.637202
20260812112347428113,24342,persist_output,2.2959,1284.69,34854,2026-08-12T11:24:33.697392
20260812112606882569,,train_initial:load,11.5752,1885.55,72175,2026-08-12T11:26:06.882594
20260812112606882569,50000,train_initial:feature,13.5858,2072.56,72175,2026-08-12T11:26:18.466476
20260812112606882569,50000,train_initial:train,26.8377,2072.56,72175,2026-08-12T11:26:32.052929
20260812112606882569,50000,train_initial:register,0.0194,2072.56,,2026-08-12T11:26:58.913848
20260812112701097658,,train_self_cure:load,9.0951,1868.52,72175,2026-08-12T11:27:01.097685
20260812112701097658,50000,train_self_cure:feature,13.7095,2114.38,43308,2026-08-12T11:27:10.200991
20260812112701097658,50000,train_self_cure:train,12.7407,2114.38,43308,2026-08-12T11:27:23.927197
20260812112701097658,50000,train_self_cure:register,0.0087,2114.38,,2026-08-12T11:27:36.679876
20260812112738773337,,train_roll_forward:load,8.9779,1846.52,72175,2026-08-12T11:27:38.773360
20260812112738773337,50000,train_roll_forward:feature,13.4537,2132.95,41357,2026-08-12T11:27:47.761939
20260812112738773337,50000,train_roll_forward:train,12.7885,2132.95,41357,2026-08-12T11:28:01.218703
20260812112738773337,50000,train_roll_forward:register,0.0082,2132.95,,2026-08-12T11:28:14.011074
20260812112816062481,,train_ptp_success:load,8.9864,1865.12,72175,2026-08-12T11:28:16.062503
20260812112816062481,50000,train_ptp_success:feature,13.2941,2167.36,63099,2026-08-12T11:28:25.058294
20260812112816062481,50000,train_ptp_success:train,17.3484,2167.36,63099,2026-08-12T11:28:38.353824
20260812112816062481,50000,train_ptp_success:register,0.0106,2167.36,,2026-08-12T11:28:55.707755
20260812112857084008,,load_contract,0.6928,251.62,69421,2026-08-12T11:28:57.084030
20260812112857084008,48770,load_payment,2.6733,854.42,688510,2026-08-12T11:28:57.777096
20260812112857084008,48770,load_lkp,5.5678,1812.8,1507597,2026-08-12T11:29:00.451059
20260812112857084008,48770,load_cbs,0.0069,1812.8,0,2026-08-12T11:29:06.020550
20260812112857084008,48770,feature_contract,10.2009,1947.66,69421,2026-08-12T11:29:06.027652
20260812112857084008,48770,cbs_bootstrap,3.1985,2009.06,48770,2026-08-12T11:29:16.230182
20260812112857084008,48770,enrich_and_fill,0.1432,2009.06,69421,2026-08-12T11:29:19.429073
20260812112857084008,48770,score_contracts,1.7705,2009.06,69421,2026-08-12T11:29:19.572611
20260812112857084008,48770,confidence_level,0.046,2009.06,69421,2026-08-12T11:29:21.343529
20260812112857084008,48770,business_rules,0.2422,2009.06,69421,2026-08-12T11:29:21.389986
20260812112857084008,48770,restructuring_assessment,66.01,2009.06,,2026-08-12T11:29:21.632576
20260812112857084008,48770,quality_check,0.1571,2009.06,,2026-08-12T11:30:27.644770
20260812112857084008,48770,persist_output,4.0099,2009.06,69421,2026-08-12T11:30:27.802538
20260812113240489812,,train_initial:load,23.0597,2789.2,146340,2026-08-12T11:32:40.489845
20260812113240489812,100000,train_initial:feature,37.4624,3281.02,146340,2026-08-12T11:33:03.572209
20260812113240489812,100000,train_initial:train,52.9702,3281.02,146340,2026-08-12T11:33:41.037755
20260812113240489812,100000,train_initial:register,0.0199,3281.02,,2026-08-12T11:34:34.066127
20260812113436841384,,train_self_cure:load,20.1459,2990.41,146340,2026-08-12T11:34:36.841406
20260812113436841384,100000,train_self_cure:feature,36.5429,3250.52,88005,2026-08-12T11:34:57.007583
20260812113436841384,100000,train_self_cure:train,25.2966,3250.52,88005,2026-08-12T11:35:33.553169
20260812113436841384,100000,train_self_cure:register,0.0132,3250.52,,2026-08-12T11:35:58.862599
20260812113602157497,,train_roll_forward:load,21.7703,2776.06,146340,2026-08-12T11:36:02.157520
20260812113602157497,100000,train_roll_forward:feature,39.5833,3207.91,83795,2026-08-12T11:36:23.949038
20260812113602157497,100000,train_roll_forward:train,22.6809,3207.91,83795,2026-08-12T11:37:03.533752
20260812113602157497,100000,train_roll_forward:register,0.0256,3207.91,,2026-08-12T11:37:26.239088
20260812113729836063,,train_ptp_success:load,21.355,2847.55,146340,2026-08-12T11:37:29.836085
20260812113729836063,100000,train_ptp_success:feature,37.5583,3322.86,128172,2026-08-12T11:37:51.210934
20260812113729836063,100000,train_ptp_success:train,26.0443,3322.86,128172,2026-08-12T11:38:28.771083
20260812113729836063,100000,train_ptp_success:register,0.0113,3322.86,,2026-08-12T11:38:54.825571
20260812113857099585,,load_contract,1.3246,408.62,140605,2026-08-12T11:38:57.099606
20260812113857099585,97595,load_payment,5.3578,1610.72,1406595,2026-08-12T11:38:58.424473
20260812113857099585,97595,load_lkp,14.204,2796.58,3060675,2026-08-12T11:39:03.782756
20260812113857099585,97595,load_cbs,0.0163,2796.58,0,2026-08-12T11:39:17.988143
20260812113857099585,97595,feature_contract,25.6176,2881.7,140605,2026-08-12T11:39:18.004643
20260812113857099585,97595,cbs_bootstrap,6.256,3219.8,97595,2026-08-12T11:39:43.624203
20260812113857099585,97595,enrich_and_fill,0.4487,3219.8,140605,2026-08-12T11:39:49.881911
20260812113857099585,97595,score_contracts,2.3832,3219.8,140605,2026-08-12T11:39:50.330952
20260812113857099585,97595,confidence_level,0.0692,3219.8,140605,2026-08-12T11:39:52.714522
20260812113857099585,97595,business_rules,0.4956,3219.8,140605,2026-08-12T11:39:52.784023
20260812113857099585,97595,restructuring_assessment,141.0952,3219.8,,2026-08-12T11:39:53.280004
20260812113857099585,97595,quality_check,0.3814,3219.8,,2026-08-12T11:42:31.902785
20260812113857099585,97595,persist_output,9.0179,3219.8,140605,2026-08-12T11:42:32.284550
20260812114722747722,,train_initial:load,192.3843,4621.97,360944,2026-08-12T11:47:22.747743
20260812132122639717,,train_initial:load,0.1119,148.75,444,2026-08-12T13:21:22.639741
20260812132122639717,300,train_initial:feature,0.2269,153.58,444,2026-08-12T13:21:22.752885
20260812132122639717,300,train_initial:train,2.733,168.16,444,2026-08-12T13:21:22.980029
20260812132122639717,300,train_initial:register,0.006,168.36,,2026-08-12T13:21:25.714364
20260812132126855406,,train_self_cure:load,0.1113,148.73,444,2026-08-12T13:21:26.855429
20260812132126855406,300,train_self_cure:feature,0.1875,156.73,,2026-08-12T13:21:26.967156
20260812132128309653,,train_roll_forward:load,0.1112,150.2,444,2026-08-12T13:21:28.309683
20260812132128309653,300,train_roll_forward:feature,0.1849,156.31,432,2026-08-12T13:21:28.421382
20260812132128309653,300,train_roll_forward:train,2.6086,167.61,432,2026-08-12T13:21:28.606626
20260812132128309653,300,train_roll_forward:register,0.0053,167.73,,2026-08-12T13:21:31.216752
20260812132132300819,,train_ptp_success:load,0.1063,147.97,444,2026-08-12T13:21:32.300844
20260812132132300819,300,train_ptp_success:feature,0.2023,155.2,386,2026-08-12T13:21:32.407604
20260812132132300819,300,train_ptp_success:train,3.0164,163.02,386,2026-08-12T13:21:32.610179
20260812132132300819,300,train_ptp_success:register,0.0064,163.02,,2026-08-12T13:21:35.627841
20260812132136299276,,load_contract,0.0579,83.89,426,2026-08-12T13:21:36.299304
20260812132136299276,290,load_payment,0.0158,87.53,4107,2026-08-12T13:21:36.357434
20260812132136299276,290,load_lkp,0.0437,97.02,9477,2026-08-12T13:21:36.373485
20260812132136299276,290,load_cbs,0.0048,97.17,300,2026-08-12T13:21:36.417425
20260812132136299276,290,feature_contract,0.0937,101.59,426,2026-08-12T13:21:36.422360
20260812132136299276,290,enrich_and_fill,0.005,101.81,426,2026-08-12T13:21:36.516323
20260812132136299276,290,score_contracts,0.6374,158.56,426,2026-08-12T13:21:36.521502
20260812132136299276,290,confidence_level,0.0051,158.56,426,2026-08-12T13:21:37.159119
20260812132136299276,290,business_rules,0.0147,158.7,426,2026-08-12T13:21:37.164392
20260812132136299276,290,restructuring_assessment,0.4992,167.5,,2026-08-12T13:21:37.179354
20260812132136299276,290,quality_check,0.0026,167.5,,2026-08-12T13:21:37.678834
20260812132136299276,290,persist_output,0.035,167.5,426,2026-08-12T13:21:37.681571
20260812132138645795,,load_contract,0.0575,84.16,426,2026-08-12T13:21:38.645819
20260812132138645795,290,load_payment,0.0152,88.25,4150,2026-08-12T13:21:38.703536
20260812132138645795,290,load_lkp,0.0436,97.56,9626,2026-08-12T13:21:38.718994
20260812132138645795,290,load_cbs,0.006,97.77,300,2026-08-12T13:21:38.762832
20260812132138645795,290,feature_contract,0.0942,105.53,426,2026-08-12T13:21:38.769044
20260812132138645795,290,enrich_and_fill,0.0053,105.61,426,2026-08-12T13:21:38.863568
20260812132138645795,290,score_contracts,0.615,159.69,426,2026-08-12T13:21:38.869086
20260812132138645795,290,confidence_level,0.0052,159.69,426,2026-08-12T13:21:39.484417
20260812132138645795,290,business_rules,0.0149,159.7,426,2026-08-12T13:21:39.489781
20260812132138645795,290,restructuring_assessment,0.5039,167.56,,2026-08-12T13:21:39.504891
20260812132138645795,290,quality_check,0.0026,167.56,,2026-08-12T13:21:40.009080
20260812132138645795,290,persist_output,0.0493,167.56,426,2026-08-12T13:21:40.011795
20260812132141095664,,load_contract,0.0528,84.3,426,2026-08-12T13:21:41.095689
20260812132141095664,290,load_payment,0.0162,88.2,4371,2026-08-12T13:21:41.148767
20260812132141095664,290,load_lkp,0.0444,97.92,9815,2026-08-12T13:21:41.165202
20260812132141095664,290,load_cbs,0.0056,98.08,300,2026-08-12T13:21:41.209964
20260812132141095664,290,feature_contract,0.1441,104.69,426,2026-08-12T13:21:41.215713
20260812132141095664,290,enrich_and_fill,0.0059,104.75,426,2026-08-12T13:21:41.360166
20260812132141095664,290,score_contracts,0.6553,159.69,426,2026-08-12T13:21:41.366349
20260812132141095664,290,confidence_level,0.0051,159.69,426,2026-08-12T13:21:42.022012
20260812132141095664,290,business_rules,0.0146,159.73,426,2026-08-12T13:21:42.027338
20260812132141095664,290,restructuring_assessment,0.5038,168.16,,2026-08-12T13:21:42.042091
20260812132141095664,290,quality_check,0.0028,168.16,,2026-08-12T13:21:42.546177
20260812132141095664,290,persist_output,0.0331,168.16,426,2026-08-12T13:21:42.549206
20260812132244185818,,train_initial:load,0.1098,147.89,444,2026-08-12T13:22:44.185843
20260812132244185818,300,train_initial:feature,0.2376,158.08,444,2026-08-12T13:22:44.296889
20260812132244185818,300,train_initial:train,2.741,168.86,444,2026-08-12T13:22:44.534790
20260812132244185818,300,train_initial:register,0.0064,168.95,,2026-08-12T13:22:47.277051
20260812132248379386,,train_self_cure:load,0.1053,147.84,444,2026-08-12T13:22:48.379411
20260812132248379386,300,train_self_cure:feature,0.1785,154.44,,2026-08-12T13:22:48.485237
20260812132249703380,,train_roll_forward:load,0.1085,149.41,444,2026-08-12T13:22:49.703402
20260812132249703380,300,train_roll_forward:feature,0.1848,156.58,432,2026-08-12T13:22:49.812468
20260812132249703380,300,train_roll_forward:train,2.5366,168.58,432,2026-08-12T13:22:49.997590
20260812132249703380,300,train_roll_forward:register,0.0055,168.88,,2026-08-12T13:22:52.535388
20260812132253651314,,train_ptp_success:load,0.106,149.7,444,2026-08-12T13:22:53.651336
20260812132253651314,300,train_ptp_success:feature,0.1826,156.72,386,2026-08-12T13:22:53.757804
20260812132253651314,300,train_ptp_success:train,2.2707,166.64,386,2026-08-12T13:22:53.940644
20260812132253651314,300,train_ptp_success:register,0.0061,166.78,,2026-08-12T13:22:56.212575
20260812132256803261,,load_contract,0.055,83.95,426,2026-08-12T13:22:56.803299
20260812132256803261,290,load_payment,0.0164,87.94,4107,2026-08-12T13:22:56.858503
20260812132256803261,290,load_lkp,0.0409,96.69,9477,2026-08-12T13:22:56.875150
20260812132256803261,290,load_cbs,0.0049,96.84,300,2026-08-12T13:22:56.916361
20260812132256803261,290,feature_contract,0.0929,101.25,426,2026-08-12T13:22:56.921414
20260812132256803261,290,enrich_and_fill,0.0048,101.31,426,2026-08-12T13:22:57.014614
20260812132256803261,290,score_contracts,0.6141,158.03,426,2026-08-12T13:22:57.019650
20260812132256803261,290,confidence_level,0.0051,158.05,426,2026-08-12T13:22:57.634036
20260812132256803261,290,business_rules,0.0144,158.14,426,2026-08-12T13:22:57.639327
20260812132256803261,290,restructuring_assessment,0.5056,167.41,,2026-08-12T13:22:57.653918
20260812132256803261,290,quality_check,0.0026,167.41,,2026-08-12T13:22:58.159778
20260812132256803261,290,persist_output,0.0337,167.41,426,2026-08-12T13:22:58.162494
20260812132259186411,,load_contract,0.1017,84.22,426,2026-08-12T13:22:59.186437
20260812132259186411,290,load_payment,0.0165,88.3,4150,2026-08-12T13:22:59.288566
20260812132259186411,290,load_lkp,0.0423,96.19,9626,2026-08-12T13:22:59.305348
20260812132259186411,290,load_cbs,0.0048,96.34,300,2026-08-12T13:22:59.347926
20260812132259186411,290,feature_contract,0.0949,100.92,426,2026-08-12T13:22:59.352915
20260812132259186411,290,enrich_and_fill,0.0052,101.17,426,2026-08-12T13:22:59.448144
20260812132259186411,290,score_contracts,0.6441,158.41,426,2026-08-12T13:22:59.453534
20260812132259186411,290,confidence_level,0.0053,158.45,426,2026-08-12T13:23:00.097873
20260812132259186411,290,business_rules,0.0146,158.58,426,2026-08-12T13:23:00.103404
20260812132259186411,290,restructuring_assessment,0.5338,166.36,,2026-08-12T13:23:00.118197
20260812132259186411,290,quality_check,0.0026,166.36,,2026-08-12T13:23:00.652276
20260812132259186411,290,persist_output,0.0294,166.36,426,2026-08-12T13:23:00.655013
20260812132301582240,,load_contract,0.0559,83.7,426,2026-08-12T13:23:01.582267
20260812132301582240,290,load_payment,0.0166,87.61,4371,2026-08-12T13:23:01.638358
20260812132301582240,290,load_lkp,0.0428,95.88,9815,2026-08-12T13:23:01.655149
20260812132301582240,290,load_cbs,0.005,96.03,300,2026-08-12T13:23:01.698297
20260812132301582240,290,feature_contract,0.094,102.09,426,2026-08-12T13:23:01.703475
20260812132301582240,290,enrich_and_fill,0.0049,102.16,426,2026-08-12T13:23:01.797736
20260812132301582240,290,score_contracts,0.6368,158.27,426,2026-08-12T13:23:01.802850
20260812132301582240,290,confidence_level,0.0052,158.28,426,2026-08-12T13:23:02.439875
20260812132301582240,290,business_rules,0.0145,158.33,426,2026-08-12T13:23:02.445184
20260812132301582240,290,restructuring_assessment,0.5462,165.84,,2026-08-12T13:23:02.460002
20260812132301582240,290,quality_check,0.0026,165.84,,2026-08-12T13:23:03.006426
20260812132301582240,290,persist_output,0.0309,165.84,426,2026-08-12T13:23:03.009134
20260812133946008546,,train_initial:load,0.1071,147.19,444,2026-08-12T13:39:46.008570
20260812133946008546,300,train_initial:feature,0.1895,152.69,444,2026-08-12T13:39:46.117147
20260812133946008546,300,train_initial:train,2.8213,165.94,444,2026-08-12T13:39:46.306884
20260812133946008546,300,train_initial:register,0.0066,165.94,,2026-08-12T13:39:49.129555
20260812133950244719,,train_self_cure:load,0.1104,149.14,444,2026-08-12T13:39:50.244745
20260812133950244719,300,train_self_cure:feature,0.2463,155.48,,2026-08-12T13:39:50.355538
20260812133951743016,,train_roll_forward:load,0.1119,148.59,444,2026-08-12T13:39:51.743039
20260812133951743016,300,train_roll_forward:feature,0.1867,154.84,432,2026-08-12T13:39:51.855397
20260812133951743016,300,train_roll_forward:train,2.9425,165.81,432,2026-08-12T13:39:52.042286
20260812133951743016,300,train_roll_forward:register,0.0073,165.81,,2026-08-12T13:39:54.986410
20260812133956306132,,train_ptp_success:load,0.1161,147.92,444,2026-08-12T13:39:56.306156
20260812133956306132,300,train_ptp_success:feature,0.2195,156.88,386,2026-08-12T13:39:56.424772
20260812133956306132,300,train_ptp_success:train,2.3635,167.72,386,2026-08-12T13:39:56.644970
20260812133956306132,300,train_ptp_success:register,0.0061,167.72,,2026-08-12T13:39:59.009843
20260812133959798243,,load_contract,0.0662,79.81,426,2026-08-12T13:39:59.798280
20260812133959798243,290,load_payment,0.0165,83.28,4107,2026-08-12T13:39:59.864639
20260812133959798243,290,load_lkp,0.0598,94.03,9477,2026-08-12T13:39:59.881395
20260812133959798243,290,load_cbs,0.0061,94.28,300,2026-08-12T13:39:59.941598
20260812133959798243,290,feature_contract,0.233,101.58,426,2026-08-12T13:39:59.947894
20260812133959798243,290,enrich_and_fill,0.0054,101.64,426,2026-08-12T13:40:00.181200
20260812133959798243,290,score_contracts,0.6611,154.22,426,2026-08-12T13:40:00.186757
20260812133959798243,290,confidence_level,0.0053,154.31,426,2026-08-12T13:40:00.848036
20260812133959798243,290,business_rules,0.0146,154.47,426,2026-08-12T13:40:00.853461
20260812133959798243,290,restructuring_assessment,0.5616,162.42,,2026-08-12T13:40:00.868248
20260812133959798243,290,quality_check,0.0029,162.42,,2026-08-12T13:40:01.430207
20260812133959798243,290,persist_output,0.0372,162.42,426,2026-08-12T13:40:01.433202
20260812134002489933,,load_contract,0.0548,84.52,426,2026-08-12T13:40:02.489962
20260812134002489933,290,load_payment,0.0189,87.89,4150,2026-08-12T13:40:02.544970
20260812134002489933,290,load_lkp,0.0457,97.31,9626,2026-08-12T13:40:02.564086
20260812134002489933,290,load_cbs,0.0051,97.47,300,2026-08-12T13:40:02.610100
20260812134002489933,290,feature_contract,0.0992,103.2,426,2026-08-12T13:40:02.615402
20260812134002489933,290,enrich_and_fill,0.0049,103.27,426,2026-08-12T13:40:02.714914
20260812134002489933,290,score_contracts,0.7089,156.47,426,2026-08-12T13:40:02.720007
20260812134002489933,290,confidence_level,0.0052,156.47,426,2026-08-12T13:40:03.429196
20260812134002489933,290,business_rules,0.0149,156.52,426,2026-08-12T13:40:03.434532
20260812134002489933,290,restructuring_assessment,0.5142,164.97,,2026-08-12T13:40:03.449632
20260812134002489933,290,quality_check,0.0028,164.97,,2026-08-12T13:40:03.964135
20260812134002489933,290,persist_output,0.0339,164.97,426,2026-08-12T13:40:03.967035
20260812134005011823,,load_contract,0.0537,84.64,426,2026-08-12T13:40:05.011851
20260812134005011823,290,load_payment,0.017,88.39,4371,2026-08-12T13:40:05.066256
20260812134005011823,290,load_lkp,0.0478,97.09,9815,2026-08-12T13:40:05.083488
20260812134005011823,290,load_cbs,0.006,97.38,300,2026-08-12T13:40:05.131472
20260812134005011823,290,feature_contract,0.1144,103.41,426,2026-08-12T13:40:05.137676
20260812134005011823,290,enrich_and_fill,0.0049,103.47,426,2026-08-12T13:40:05.252868
20260812134005011823,290,score_contracts,0.8687,161.02,426,2026-08-12T13:40:05.258038
20260812134005011823,290,confidence_level,0.0057,161.02,426,2026-08-12T13:40:06.126954
20260812134005011823,290,business_rules,0.0183,161.09,426,2026-08-12T13:40:06.132797
20260812134005011823,290,restructuring_assessment,0.5185,169.69,,2026-08-12T13:40:06.151455
20260812134005011823,290,quality_check,0.0027,169.69,,2026-08-12T13:40:06.670223
20260812134005011823,290,persist_output,0.0337,169.69,426,2026-08-12T13:40:06.673119
20260812141251288908,,train_initial:load,0.3547,202.66,2207,2026-08-12T14:12:51.288933
20260812141251288908,1500,train_initial:feature,0.4688,219.73,2207,2026-08-12T14:12:51.646713
20260812141251288908,1500,train_initial:train,4.4496,232.47,2207,2026-08-12T14:12:52.115768
20260812141251288908,1500,train_initial:register,0.0067,232.97,,2026-08-12T14:12:56.567528
20260812141257730340,,train_self_cure:load,0.3326,203.41,2207,2026-08-12T14:12:57.730363
20260812141257730340,1500,train_self_cure:feature,0.4439,224.34,1312,2026-08-12T14:12:58.063678
20260812141257730340,1500,train_self_cure:train,2.6998,236.17,1312,2026-08-12T14:12:58.507865
20260812141257730340,1500,train_self_cure:register,0.0058,236.27,,2026-08-12T14:13:01.208885
20260812141302282994,,train_roll_forward:load,0.338,201.19,2207,2026-08-12T14:13:02.283022
20260812141302282994,1500,train_roll_forward:feature,0.4408,227.45,1252,2026-08-12T14:13:02.621607
20260812141302282994,1500,train_roll_forward:train,3.6696,236.55,1252,2026-08-12T14:13:03.062676
20260812141302282994,1500,train_roll_forward:register,0.0058,236.72,,2026-08-12T14:13:06.733479
20260812141307829278,,train_ptp_success:load,0.3317,204.52,2207,2026-08-12T14:13:07.829304
20260812141307829278,1500,train_ptp_success:feature,0.4412,229.17,1926,2026-08-12T14:13:08.161612
20260812141307829278,1500,train_ptp_success:train,3.1739,238.97,1926,2026-08-12T14:13:08.603375
20260812141307829278,1500,train_ptp_success:register,0.0058,239.14,,2026-08-12T14:13:11.778562
20260812141347790875,,load_contract,0.1006,86.7,2127,2026-08-12T14:13:47.790916
20260812141347790875,1465,load_payment,0.0901,107.2,21025,2026-08-12T14:13:47.891953
20260812141347790875,1465,load_lkp,0.1924,153.0,45985,2026-08-12T14:13:47.982292
20260812141347790875,1465,load_cbs,0.0062,153.0,0,2026-08-12T14:13:48.175116
20260812141347790875,1465,feature_contract,4.3588,158.52,2127,2026-08-12T14:13:48.181656
20260812141347790875,1465,cbs_bootstrap,0.8418,158.52,1465,2026-08-12T14:13:52.541654
20260812141347790875,1465,enrich_and_fill,0.0377,158.52,2127,2026-08-12T14:13:53.384737
20260812141347790875,1465,score_contracts,6.5661,164.95,2127,2026-08-12T14:13:53.425296
20260812141347790875,1465,confidence_level,0.0111,166.16,2127,2026-08-12T14:13:59.991938
20260812141347790875,1465,business_rules,0.0532,166.98,2127,2026-08-12T14:14:00.003361
20260812141347790875,1465,restructuring_assessment,3.806,187.69,,2026-08-12T14:14:00.056990
20260812141347790875,1465,quality_check,0.009,187.69,,2026-08-12T14:14:03.863607
20260812141347790875,1465,persist_output,0.198,187.69,2127,2026-08-12T14:14:03.872916
20260812151851261334,,load_contract,0.1081,87.25,2127,2026-08-12T15:18:51.261362
20260812151851261334,1465,load_customer,0.0101,87.47,1500,2026-08-12T15:18:51.369942
20260812151851261334,1465,load_cbs,0.0238,87.98,1465,2026-08-12T15:18:51.380364
20260812151851261334,1465,feature_contract_chunked,0.0,88.0,,2026-08-12T15:18:51.404346
20260812151929304309,,load_contract,0.0693,87.03,2127,2026-08-12T15:19:29.304332
20260812151929304309,1465,load_customer,0.0048,87.05,1500,2026-08-12T15:19:29.374146
20260812151929304309,1465,load_cbs,0.0101,87.56,1465,2026-08-12T15:19:29.379056
20260812151929304309,1465,feature_contract_chunked,0.5858,179.19,2127,2026-08-12T15:19:29.389321
20260812151929304309,1465,enrich_and_fill,0.0082,179.25,2127,2026-08-12T15:19:29.975494
20260812151929304309,1465,score_contracts,0.7478,214.05,2127,2026-08-12T15:19:29.983958
20260812151929304309,1465,confidence_level,0.0056,214.05,2127,2026-08-12T15:19:30.732020
20260812151929304309,1465,business_rules,0.0184,214.05,2127,2026-08-12T15:19:30.737767
20260812151929304309,1465,restructuring_assessment,2.3194,229.92,,2026-08-12T15:19:30.756319
20260812151929304309,1465,quality_check,0.0075,229.92,,2026-08-12T15:19:33.076008
20260812151929304309,1465,persist_output,0.135,229.92,2127,2026-08-12T15:19:33.083737
20260812152008411359,,load_contract,0.0856,87.22,2127,2026-08-12T15:20:08.411383
20260812152008411359,1465,load_customer,0.0054,87.72,1500,2026-08-12T15:20:08.497482
20260812152008411359,1465,load_cbs,0.0024,87.73,0,2026-08-12T15:20:08.503097
20260812152008411359,1465,feature_contract_chunked,0.5575,170.08,2127,2026-08-12T15:20:08.505700
20260812152008411359,1465,cbs_bootstrap,0.7014,186.75,1465,2026-08-12T15:20:09.063549
20260812152008411359,1465,enrich_and_fill,0.0073,186.8,2127,2026-08-12T15:20:09.765158
20260812152008411359,1465,score_contracts,0.9756,216.42,2127,2026-08-12T15:20:09.772648
20260812152008411359,1465,confidence_level,0.0056,216.44,2127,2026-08-12T15:20:10.748483
20260812152008411359,1465,business_rules,0.0193,216.7,2127,2026-08-12T15:20:10.754275
20260812152008411359,1465,restructuring_assessment,2.2034,228.16,,2026-08-12T15:20:10.773801
20260812152008411359,1465,quality_check,0.0047,228.16,,2026-08-12T15:20:12.977509
20260812152008411359,1465,persist_output,0.1088,228.16,2127,2026-08-12T15:20:12.982431
20260812152836555997,,load_contract,0.083,88.5,2127,2026-08-12T15:28:36.556027
20260812152836555997,1465,load_customer,0.0052,88.5,1500,2026-08-12T15:28:36.639569
20260812152836555997,1465,load_cbs,0.0024,88.5,0,2026-08-12T15:28:36.644991
20260812152836555997,1465,feature_contract_chunked,0.5929,168.11,2127,2026-08-12T15:28:36.647556
20260812152836555997,1465,cbs_bootstrap,0.6866,188.44,1465,2026-08-12T15:28:37.241068
20260812152836555997,1465,enrich_and_fill,0.0075,188.44,2127,2026-08-12T15:28:37.927943
20260812152836555997,1465,score_contracts,1.0117,214.73,2127,2026-08-12T15:28:37.935693
20260812152836555997,1465,confidence_level,0.0058,214.73,2127,2026-08-12T15:28:38.947603
20260812152836555997,1465,business_rules,0.0188,214.73,2127,2026-08-12T15:28:38.953526
20260812152836555997,1465,restructuring_assessment,2.1828,215.02,,2026-08-12T15:28:38.972542
20260812152836555997,1465,quality_check,0.0047,215.02,,2026-08-12T15:28:41.155697
20260812152836555997,1465,persist_output,0.1196,215.02,2127,2026-08-12T15:28:41.160557
20260812153027307698,,load_contract,0.0726,87.08,2127,2026-08-12T15:30:27.307723
20260812153027307698,1465,load_customer,0.006,87.78,1500,2026-08-12T15:30:27.380894
20260812153027307698,1465,load_cbs,0.0024,87.8,0,2026-08-12T15:30:27.387048
20260812153027307698,1465,feature_contract_chunked,0.5994,172.66,2127,2026-08-12T15:30:27.389562
20260812153027307698,1465,cbs_bootstrap,0.677,194.02,1465,2026-08-12T15:30:27.989466
20260812153027307698,1465,enrich_and_fill,0.0076,194.02,2127,2026-08-12T15:30:28.666819
20260812153027307698,1465,score_contracts,0.761,224.48,2127,2026-08-12T15:30:28.674607
20260812153027307698,1465,confidence_level,0.0055,224.48,2127,2026-08-12T15:30:29.435848
20260812153027307698,1465,business_rules,0.0183,224.48,2127,2026-08-12T15:30:29.441533
20260812153027307698,1465,restructuring_assessment,2.1882,240.86,,2026-08-12T15:30:29.459966
20260812153027307698,1465,quality_check,0.0047,240.86,,2026-08-12T15:30:31.648417
20260812153027307698,1465,persist_output,0.1679,240.86,2127,2026-08-12T15:30:31.653302
20260812153753628964,,train_initial:load,0.0999,139.91,2207,2026-08-12T15:37:53.628990
20260812153753628964,1500,train_initial:feature,0.8142,228.08,2207,2026-08-12T15:37:53.732518
20260812153753628964,1500,train_initial:train,4.4435,231.08,2207,2026-08-12T15:37:54.547060
20260812153753628964,1500,train_initial:register,0.0072,231.08,,2026-08-12T15:37:58.993105
20260812154128941532,,train_self_cure:load,0.1002,138.75,2207,2026-08-12T15:41:28.941555
20260812154128941532,1500,train_self_cure:feature,0.7874,228.91,1312,2026-08-12T15:41:29.044011
20260812154128941532,1500,train_self_cure:train,2.6458,238.5,1312,2026-08-12T15:41:29.831819
20260812154128941532,1500,train_self_cure:register,0.0063,238.61,,2026-08-12T15:41:32.479381
20260812154133574170,,train_roll_forward:load,0.0797,139.61,2207,2026-08-12T15:41:33.574193
20260812154133574170,1500,train_roll_forward:feature,0.7501,226.33,1252,2026-08-12T15:41:33.654514
20260812154133574170,1500,train_roll_forward:train,3.6508,234.88,1252,2026-08-12T15:41:34.404900
20260812154133574170,1500,train_roll_forward:register,0.0058,235.06,,2026-08-12T15:41:38.056940
20260812154139179151,,train_ptp_success:load,0.0801,140.69,2207,2026-08-12T15:41:39.179173
20260812154139179151,1500,train_ptp_success:feature,0.7435,233.86,1926,2026-08-12T15:41:39.259849
20260812154139179151,1500,train_ptp_success:train,3.1321,242.33,1926,2026-08-12T15:41:40.003690
20260812154139179151,1500,train_ptp_success:register,0.006,242.45,,2026-08-12T15:41:43.137010
20260812154636887126,,train_initial:load,1.8984,475.12,145435,2026-08-12T15:46:36.887147
20260812154653865051,,load_contract,2.54,409.03,139755,2026-08-12T15:46:53.865084
20260812154653865051,97420,load_customer,0.4587,409.03,100000,2026-08-12T15:46:56.405913
20260812154653865051,97420,load_cbs,0.0027,409.03,0,2026-08-12T15:46:56.864986
20260812154636887126,100000,train_initial:feature,56.6618,895.84,145435,2026-08-12T15:46:38.803628
20260812154653865051,97420,feature_contract_chunked,46.2367,596.39,139755,2026-08-12T15:46:56.867910
20260812154636887126,100000,train_initial:train,63.6153,966.62,145435,2026-08-12T15:47:35.466719
20260812154636887126,100000,train_initial:register,0.0149,966.62,,2026-08-12T15:48:39.140849
20260812154841787402,,train_self_cure:load,2.5711,451.41,145435,2026-08-12T15:48:41.787440
20260812154653865051,97420,cbs_bootstrap,67.8218,613.7,97420,2026-08-12T15:47:43.104946
20260812154653865051,97420,enrich_and_fill,0.3385,775.62,139755,2026-08-12T15:48:50.927522
20260812154653865051,97420,score_contracts,2.8341,819.45,139755,2026-08-12T15:48:51.266440
20260812154653865051,97420,confidence_level,0.5179,819.45,139755,2026-08-12T15:48:54.101401
20260812154653865051,97420,business_rules,0.7102,819.45,139755,2026-08-12T15:48:54.624049
20260812154841787402,100000,train_self_cure:feature,59.174,904.62,87325,2026-08-12T15:48:44.386995
20260812154841787402,100000,train_self_cure:train,29.4908,910.02,87325,2026-08-12T15:49:43.562046
20260812154841787402,100000,train_self_cure:register,0.0126,910.02,,2026-08-12T15:50:13.069551
20260812155014934737,,train_roll_forward:load,1.7845,455.97,145435,2026-08-12T15:50:14.934769
20260812155014934737,100000,train_roll_forward:feature,52.5807,888.92,83640,2026-08-12T15:50:16.739586
20260812155014934737,100000,train_roll_forward:train,22.1075,928.56,83640,2026-08-12T15:51:09.320879
20260812155014934737,100000,train_roll_forward:register,0.0103,928.56,,2026-08-12T15:51:31.433884
20260812155132912985,,train_ptp_success:load,1.6311,472.33,145435,2026-08-12T15:51:32.913008
20260812155132912985,100000,train_ptp_success:feature,49.5042,980.45,127617,2026-08-12T15:51:34.562636
20260812155132912985,100000,train_ptp_success:train,30.2201,1013.39,127617,2026-08-12T15:52:24.068450
20260812155132912985,100000,train_ptp_success:register,0.0139,1013.39,,2026-08-12T15:52:54.309381
20260812155255260100,,load_contract,1.346,416.69,139755,2026-08-12T15:52:55.260125
20260812155255260100,97420,load_customer,0.2911,416.69,100000,2026-08-12T15:52:56.606460
20260812155255260100,97420,load_cbs,0.6182,436.97,97420,2026-08-12T15:52:56.904858
20260812155255260100,97420,feature_contract_chunked,36.8772,716.25,139755,2026-08-12T15:52:57.523401
20260812155255260100,97420,enrich_and_fill,0.3502,781.69,139755,2026-08-12T15:53:34.402546
20260812155255260100,97420,score_contracts,2.107,907.97,139755,2026-08-12T15:53:34.753052
20260812155255260100,97420,confidence_level,0.0501,907.97,139755,2026-08-12T15:53:36.860353
20260812155255260100,97420,business_rules,0.4973,939.2,139755,2026-08-12T15:53:36.910834
20260812155255260100,97420,restructuring_assessment,134.4129,1506.08,,2026-08-12T15:53:37.408880
20260812155255260100,97420,quality_check,0.2252,1506.08,,2026-08-12T15:55:51.823213
20260812155255260100,97420,persist_output,7.7752,1506.08,139755,2026-08-12T15:55:52.048848
20260812160007664737,,train_initial:load,4.1393,915.81,363888,2026-08-12T16:00:07.664760
20260812160007664737,250000,train_initial:feature,148.803,1593.89,363888,2026-08-12T16:00:11.861280
20260812160007664737,250000,train_initial:train,108.2453,1783.8,363888,2026-08-12T16:02:40.666778
20260812160007664737,250000,train_initial:register,0.0947,1783.8,,2026-08-12T16:04:29.002474
20260812160431006361,,train_self_cure:load,3.9984,927.77,363888,2026-08-12T16:04:31.006384
20260812160431006361,250000,train_self_cure:feature,144.4059,1546.89,217915,2026-08-12T16:04:35.049288
20260812160431006361,250000,train_self_cure:train,51.788,1546.89,217915,2026-08-12T16:06:59.456631
20260812160431006361,250000,train_self_cure:register,0.0188,1546.89,,2026-08-12T16:07:52.635357
20260812160754499892,,train_roll_forward:load,9.5783,818.86,363888,2026-08-12T16:07:54.499919
20260812160754499892,250000,train_roll_forward:feature,153.8893,1416.17,209037,2026-08-12T16:12:35.887426
20260812160754499892,250000,train_roll_forward:train,58.3776,1455.75,209037,2026-08-12T16:15:09.778239
20260812160754499892,250000,train_roll_forward:register,0.0129,1455.75,,2026-08-12T16:18:31.743785
20260812161833755337,,train_ptp_success:load,4.1099,885.36,363888,2026-08-12T16:18:33.755360
20260812161833755337,250000,train_ptp_success:feature,152.5198,1413.58,317588,2026-08-12T16:18:37.917549
20260812161833755337,250000,train_ptp_success:train,62.818,1413.58,317588,2026-08-12T16:21:10.443595
20260812161833755337,250000,train_ptp_success:register,0.012,1413.58,,2026-08-12T16:22:13.291359
20260812162214550316,,load_contract,3.4361,846.78,349813,2026-08-12T16:22:14.550343
20260812162214550316,243616,load_customer,0.7182,861.16,250000,2026-08-12T16:22:17.986841
20260812162214550316,243616,load_cbs,0.0058,861.16,0,2026-08-12T16:22:18.705574
20260812162214550316,243616,feature_contract_chunked,118.1138,935.14,349813,2026-08-12T16:22:18.711542
20260812162214550316,243616,cbs_bootstrap,133.8389,1256.56,243616,2026-08-12T16:24:16.826924
20260812162214550316,243616,enrich_and_fill,0.8893,1557.33,349813,2026-08-12T16:26:30.666669
20260812162214550316,243616,score_contracts,4.0147,1595.64,349813,2026-08-12T16:26:31.556320
20260812162214550316,243616,confidence_level,0.1596,1595.64,349813,2026-08-12T16:26:35.571550
20260812162214550316,243616,business_rules,1.1649,1595.64,349813,2026-08-12T16:26:35.731534
20260812162214550316,243616,restructuring_assessment,357.9124,2927.0,,2026-08-12T16:26:36.896837
20260812162214550316,243616,quality_check,0.5528,2927.0,,2026-08-12T16:34:29.682823
20260812162214550316,243616,persist_output,23.1914,2927.0,349813,2026-08-12T16:34:30.236012
20260812164650331499,,train_initial:load,9.0373,1699.25,728125,2026-08-12T16:46:50.331527
20260812164813828114,,train_self_cure:load,15.6006,1478.98,728125,2026-08-12T16:48:13.828140
20260812174619230472,,train_initial:load,0.0893,140.36,2874,2026-08-12T17:46:19.230498
20260812174619230472,2000,train_initial:feature,1.0653,255.72,2874,2026-08-12T17:46:19.321294
20260812174619230472,2000,train_initial:train,4.9196,265.95,2874,2026-08-12T17:46:20.387019
20260812174619230472,2000,train_initial:register,0.0061,266.0,,2026-08-12T17:46:25.308124
20260812174626434778,,train_self_cure:load,0.0898,142.17,2874,2026-08-12T17:46:26.434806
20260812174626434778,2000,train_self_cure:feature,1.0131,258.06,1701,2026-08-12T17:46:26.525244
20260812174626434778,2000,train_self_cure:train,2.8545,267.34,1701,2026-08-12T17:46:27.538627
20260812174626434778,2000,train_self_cure:register,0.0055,267.47,,2026-08-12T17:46:30.394306
20260812174631467333,,train_roll_forward:load,0.087,140.53,2874,2026-08-12T17:46:31.467356
20260812174631467333,2000,train_roll_forward:feature,0.9897,257.0,1659,2026-08-12T17:46:31.555022
20260812174631467333,2000,train_roll_forward:train,4.0063,266.45,1659,2026-08-12T17:46:32.545140
20260812174631467333,2000,train_roll_forward:register,0.0062,266.58,,2026-08-12T17:46:36.552644
20260812174637658695,,train_ptp_success:load,0.0946,141.77,2874,2026-08-12T17:46:37.658718
20260812174637658695,2000,train_ptp_success:feature,0.931,254.33,2514,2026-08-12T17:46:37.753865
20260812174637658695,2000,train_ptp_success:train,3.3599,265.03,2514,2026-08-12T17:46:38.685176
20260812174637658695,2000,train_ptp_success:register,0.0058,265.19,,2026-08-12T17:46:42.046316
20260812174642610047,,load_contract,0.0747,89.39,2766,2026-08-12T17:46:42.610069
20260812174642610047,1949,load_customer,0.0071,89.39,2000,2026-08-12T17:46:42.684956
20260812174642610047,1949,load_cbs,0.0027,89.41,0,2026-08-12T17:46:42.692286
20260812174642610047,1949,feature_contract_chunked,0.7023,193.77,2766,2026-08-12T17:46:42.695152
20260812174642610047,1949,cbs_bootstrap,0.861,227.97,1949,2026-08-12T17:46:43.397803
20260812174642610047,1949,enrich_and_fill,0.008,227.97,2766,2026-08-12T17:46:44.259183
20260812174642610047,1949,score_contracts,0.6375,263.89,2766,2026-08-12T17:46:44.267404
20260812174642610047,1949,confidence_level,0.0057,263.89,2766,2026-08-12T17:46:44.905184
20260812174642610047,1949,business_rules,0.0197,263.89,2766,2026-08-12T17:46:44.911064
20260812174642610047,1949,restructuring_assessment,2.7796,278.36,,2026-08-12T17:46:44.930970
20260812174642610047,1949,quality_check,0.0051,278.36,,2026-08-12T17:46:47.710864
20260812174642610047,1949,persist_output,0.1358,278.36,2766,2026-08-12T17:46:47.716122
20260812180111130476,,train_initial:load,1.6562,466.17,144140,2026-08-12T18:01:11.130501
20260812180111130476,100000,train_initial:feature,46.5115,1032.17,144140,2026-08-12T18:01:12.805724
20260812180111130476,100000,train_initial:train,43.4764,1058.66,144140,2026-08-12T18:01:59.318337
20260812180111130476,100000,train_initial:register,0.0102,1058.66,,2026-08-12T18:02:42.823237
20260812180244296130,,train_self_cure:load,1.6331,461.72,144140,2026-08-12T18:02:44.296153
20260812180244296130,100000,train_self_cure:feature,45.9526,1072.66,85995,2026-08-12T18:02:45.947004
20260812180244296130,100000,train_self_cure:train,19.595,1072.66,85995,2026-08-12T18:03:31.900338
20260812180244296130,100000,train_self_cure:register,0.0072,1072.66,,2026-08-12T18:03:51.499501
20260812180352923146,,train_roll_forward:load,1.6125,462.17,144140,2026-08-12T18:03:52.923170
20260812180352923146,100000,train_roll_forward:feature,46.6855,993.05,82550,2026-08-12T18:03:54.553136
20260812180352923146,100000,train_roll_forward:train,19.6893,1027.62,82550,2026-08-12T18:04:41.240772
20260812180352923146,100000,train_roll_forward:register,0.0078,1027.62,,2026-08-12T18:05:00.935236
20260812180502351313,,train_ptp_success:load,1.6187,467.34,144140,2026-08-12T18:05:02.351336
20260812180502351313,100000,train_ptp_success:feature,45.7003,1066.33,125742,2026-08-12T18:05:03.987774
20260812180502351313,100000,train_ptp_success:train,26.8014,1074.41,125742,2026-08-12T18:05:49.689388
20260812180502351313,100000,train_ptp_success:register,0.0116,1074.41,,2026-08-12T18:06:16.498578
20260812180617410762,,load_contract,1.3103,404.77,138220,2026-08-12T18:06:17.410802
20260812180617410762,97395,load_customer,0.2898,422.92,100000,2026-08-12T18:06:18.721338
20260812180617410762,97395,load_cbs,0.0063,422.92,0,2026-08-12T18:06:19.011603
20260812180617410762,97395,feature_contract_chunked,35.6093,797.53,138220,2026-08-12T18:06:19.018089
20260812180617410762,97395,cbs_bootstrap,41.5282,860.94,97395,2026-08-12T18:06:54.628595
20260812180617410762,97395,enrich_and_fill,0.2649,940.53,138220,2026-08-12T18:07:36.158911
20260812180617410762,97395,score_contracts,2.2857,1017.92,138220,2026-08-12T18:07:36.424127
20260812180617410762,97395,confidence_level,0.0781,1017.92,138220,2026-08-12T18:07:38.710234
20260812180617410762,97395,business_rules,0.4598,1065.98,138220,2026-08-12T18:07:38.788780
20260812180617410762,97395,restructuring_assessment,127.9196,1747.55,,2026-08-12T18:07:39.248945
20260812180617410762,97395,quality_check,0.1611,1747.55,,2026-08-12T18:09:47.169874
20260812180617410762,97395,persist_output,7.1925,1747.55,138220,2026-08-12T18:09:47.331294
20260812182827084273,,train_initial:load,0.0927,141.33,2942,2026-08-12T18:28:27.084308
20260812182827084273,2000,train_initial:feature,1.0354,258.69,2942,2026-08-12T18:28:27.178880
20260812182827084273,2000,train_initial:train,4.9362,268.05,2942,2026-08-12T18:28:28.214574
20260812182827084273,2000,train_initial:register,0.0068,268.17,,2026-08-12T18:28:33.152176
20260812182834224001,,train_self_cure:load,0.0895,142.5,2942,2026-08-12T18:28:34.224022
20260812182834224001,2000,train_self_cure:feature,1.0159,255.69,1823,2026-08-12T18:28:34.314144
20260812182834224001,2000,train_self_cure:train,2.9591,266.91,1823,2026-08-12T18:28:35.330352
20260812182834224001,2000,train_self_cure:register,0.0058,266.91,,2026-08-12T18:28:38.290721
20260812182839414538,,train_roll_forward:load,0.0866,142.28,2942,2026-08-12T18:28:39.414560
20260812182839414538,2000,train_roll_forward:feature,1.0137,264.88,1659,2026-08-12T18:28:39.501779
20260812182839414538,2000,train_roll_forward:train,3.8126,274.56,1659,2026-08-12T18:28:40.515790
20260812182839414538,2000,train_roll_forward:register,0.0059,274.56,,2026-08-12T18:28:44.329709
20260812182845448243,,train_ptp_success:load,0.0897,142.44,2942,2026-08-12T18:28:45.448264
20260812182845448243,2000,train_ptp_success:feature,1.0263,259.61,2603,2026-08-12T18:28:45.538551
20260812182845448243,2000,train_ptp_success:train,3.3449,268.45,2603,2026-08-12T18:28:46.565152
20260812182845448243,2000,train_ptp_success:register,0.0061,268.67,,2026-08-12T18:28:49.911621
20260812182850476702,,load_contract,0.0764,89.09,2851,2026-08-12T18:28:50.476724
20260812182850476702,1962,load_customer,0.0074,89.09,2000,2026-08-12T18:28:50.553322
20260812182850476702,1962,load_cbs,0.0022,89.09,0,2026-08-12T18:28:50.560933
20260812182850476702,1962,feature_contract_chunked,0.7854,208.59,2851,2026-08-12T18:28:50.563246
20260812182850476702,1962,cbs_bootstrap,1.0003,225.72,1962,2026-08-12T18:28:51.349016
20260812182850476702,1962,enrich_and_fill,0.0079,225.73,2851,2026-08-12T18:28:52.349499
20260812182850476702,1962,score_contracts,0.6167,260.45,2851,2026-08-12T18:28:52.357601
20260812182850476702,1962,confidence_level,0.0059,260.45,2851,2026-08-12T18:28:52.974563
20260812182850476702,1962,business_rules,0.0198,260.5,2851,2026-08-12T18:28:52.980601
20260812182850476702,1962,restructuring_assessment,2.8476,277.42,,2026-08-12T18:28:53.000573
20260812182850476702,1962,quality_check,0.0054,277.42,,2026-08-12T18:28:55.848518
20260812182850476702,1962,persist_output,0.1385,277.42,2851,2026-08-12T18:28:55.854093
20260812201843409013,,train_initial:load,0.0671,135.17,739,2026-08-12T20:18:43.409040
20260812201843409013,500,train_initial:feature,0.3509,166.11,739,2026-08-12T20:18:43.477519
20260812201843409013,500,train_initial:train,2.9076,177.88,739,2026-08-12T20:18:43.828711
20260812201843409013,500,train_initial:register,0.0071,178.48,,2026-08-12T20:18:46.737705
20260812201847851196,,train_self_cure:load,0.0675,137.19,739,2026-08-12T20:18:47.851217
20260812201847851196,500,train_self_cure:feature,0.3237,168.03,,2026-08-12T20:18:47.919193
20260812201849317341,,train_roll_forward:load,0.0657,136.73,739,2026-08-12T20:18:49.317368
20260812201849317341,500,train_roll_forward:feature,0.3424,167.94,730,2026-08-12T20:18:49.383536
20260812201849317341,500,train_roll_forward:train,2.4064,177.47,730,2026-08-12T20:18:49.726247
20260812201849317341,500,train_roll_forward:register,0.006,177.58,,2026-08-12T20:18:52.133875
20260812201853746477,,train_ptp_success:load,0.0727,131.56,739,2026-08-12T20:18:53.746505
20260812201853746477,500,train_ptp_success:feature,0.3861,159.53,622,2026-08-12T20:18:53.819712
20260812201853746477,500,train_ptp_success:train,1.9492,168.19,622,2026-08-12T20:18:54.206199
20260812201853746477,500,train_ptp_success:register,0.0062,168.19,,2026-08-12T20:18:56.156624
20260812201856749657,,load_contract,0.0665,84.52,711,2026-08-12T20:18:56.749684
20260812201856749657,490,load_customer,0.0034,84.64,500,2026-08-12T20:18:56.816405
20260812201856749657,490,load_cbs,0.0053,85.03,500,2026-08-12T20:18:56.819977
20260812201856749657,490,feature_contract_chunked,0.2511,111.89,711,2026-08-12T20:18:56.825378
20260812201856749657,490,enrich_and_fill,0.0093,112.33,711,2026-08-12T20:18:57.076791
20260812201856749657,490,score_contracts,0.7854,152.28,711,2026-08-12T20:18:57.087790
20260812201856749657,490,confidence_level,0.0056,152.38,711,2026-08-12T20:18:57.873416
20260812201856749657,490,business_rules,0.0153,152.53,711,2026-08-12T20:18:57.879194
20260812201856749657,490,restructuring_assessment,0.8373,162.52,,2026-08-12T20:18:57.894629
20260812201856749657,490,quality_check,0.0056,162.52,,2026-08-12T20:18:58.732291
20260812201856749657,490,persist_output,0.0628,162.52,711,2026-08-12T20:18:58.738134
20260812202028278543,,load_contract,0.0555,84.72,711,2026-08-12T20:20:28.278567
20260812202028278543,490,load_customer,0.0037,84.72,500,2026-08-12T20:20:28.334820
20260812202028278543,490,load_cbs,0.005,85.03,500,2026-08-12T20:20:28.338673
20260812202028278543,490,feature_contract_chunked,0.2186,112.86,711,2026-08-12T20:20:28.343780
20260812202028278543,490,enrich_and_fill,0.0054,112.94,711,2026-08-12T20:20:28.562730
20260812202028278543,490,score_contracts,0.9763,156.58,711,2026-08-12T20:20:28.568267
20260812202028278543,490,confidence_level,0.0052,156.58,711,2026-08-12T20:20:29.544801
20260812202028278543,490,business_rules,0.0148,156.64,711,2026-08-12T20:20:29.550105
20260812202028278543,490,restructuring_assessment,0.8661,168.52,,2026-08-12T20:20:29.565029
20260812202028278543,490,quality_check,0.0034,168.52,,2026-08-12T20:20:30.431402
20260812202028278543,490,persist_output,0.0515,168.52,711,2026-08-12T20:20:30.435005
20260812205950228364,,load_contract,0.0616,84.38,711,2026-08-12T20:59:50.228390
20260812205950228364,490,load_customer,0.0037,84.41,500,2026-08-12T20:59:50.290525
20260812205950228364,490,load_cbs,0.0081,84.77,500,2026-08-12T20:59:50.294381
20260812205950228364,490,feature_contract_chunked,0.2912,112.84,711,2026-08-12T20:59:50.302648
20260812205950228364,490,enrich_and_fill,0.006,112.89,711,2026-08-12T20:59:50.594139
20260812205950228364,490,score_contracts,0.9795,155.62,711,2026-08-12T20:59:50.600320
20260812205950228364,490,confidence_level,0.0051,155.62,711,2026-08-12T20:59:51.580014
20260812205950228364,490,business_rules,0.0148,155.62,711,2026-08-12T20:59:51.585248
20260812205950228364,490,restructuring_assessment,0.8028,162.55,,2026-08-12T20:59:51.600178
20260812205950228364,490,quality_check,0.0033,162.55,,2026-08-12T20:59:52.403227
20260812205950228364,490,persist_output,0.0136,162.55,,2026-08-12T20:59:52.406701
20260812210156156374,,load_contract,0.0754,84.83,711,2026-08-12T21:01:56.156398
20260812210156156374,490,load_customer,0.0031,84.86,500,2026-08-12T21:01:56.232286
20260812210156156374,490,load_cbs,0.0058,85.17,500,2026-08-12T21:01:56.235542
20260812210156156374,490,feature_contract_chunked,0.2314,111.8,711,2026-08-12T21:01:56.241467
20260812210156156374,490,enrich_and_fill,0.0107,112.23,711,2026-08-12T21:01:56.473216
20260812210156156374,490,score_contracts,0.92,157.97,711,2026-08-12T21:01:56.484162
20260812210156156374,490,confidence_level,0.0051,158.02,711,2026-08-12T21:01:57.404366
20260812210156156374,490,business_rules,0.0147,158.14,711,2026-08-12T21:01:57.409631
20260812210156156374,490,restructuring_assessment,0.7926,169.89,,2026-08-12T21:01:57.424470
20260812210156156374,490,quality_check,0.0034,169.89,,2026-08-12T21:01:58.217331
20260812210156156374,490,persist_output,0.0445,169.89,711,2026-08-12T21:01:58.220857
20260813170024274790,,train_initial:load,0.0667,136.48,739,2026-08-13T17:00:24.274813
20260813170024274790,500,train_initial:feature,0.3543,164.39,739,2026-08-13T17:00:24.342511
20260813170024274790,500,train_initial:train,2.8323,177.12,739,2026-08-13T17:00:24.697076
20260813170024274790,500,train_initial:register,0.0057,177.25,,2026-08-13T17:00:27.530477
20260813170028718316,,train_self_cure:load,0.0686,137.02,739,2026-08-13T17:00:28.718339
20260813170028718316,500,train_self_cure:feature,0.3413,167.77,,2026-08-13T17:00:28.787420
20260813170030207366,,train_roll_forward:load,0.0642,136.7,739,2026-08-13T17:00:30.207386
20260813170030207366,500,train_roll_forward:feature,0.349,167.41,730,2026-08-13T17:00:30.272029
20260813170030207366,500,train_roll_forward:train,2.4754,176.7,730,2026-08-13T17:00:30.621236
20260813170030207366,500,train_roll_forward:register,0.0056,176.81,,2026-08-13T17:00:33.097741
20260813170034139305,,train_ptp_success:load,0.0669,136.94,739,2026-08-13T17:00:34.139327
20260813170034139305,500,train_ptp_success:feature,0.3613,166.31,623,2026-08-13T17:00:34.206669
20260813170034139305,500,train_ptp_success:train,1.9626,175.31,623,2026-08-13T17:00:34.568283
20260813170034139305,500,train_ptp_success:register,0.0052,175.44,,2026-08-13T17:00:36.531874
20260813170037116239,,load_contract,0.0565,84.16,711,2026-08-13T17:00:37.116262
20260813170037116239,490,load_customer,0.0038,84.19,500,2026-08-13T17:00:37.172891
20260813170037116239,490,load_cbs,0.0048,84.55,500,2026-08-13T17:00:37.176853
20260813170037116239,490,feature_contract_chunked,0.2373,111.31,711,2026-08-13T17:00:37.181800
20260813170037116239,490,enrich_and_fill,0.0052,111.38,711,2026-08-13T17:00:37.419373
20260813170037116239,490,score_contracts,0.6211,156.7,711,2026-08-13T17:00:37.424781
20260813170037116239,490,confidence_level,0.0052,156.81,711,2026-08-13T17:00:38.046133
20260813170037116239,490,business_rules,0.0149,156.94,711,2026-08-13T17:00:38.051535
20260813170037116239,490,restructuring_assessment,0.7742,170.84,,2026-08-13T17:00:38.066663
20260813170037116239,490,quality_check,0.0029,170.84,,2026-08-13T17:00:38.841214
20260813170037116239,490,persist_output,0.0478,170.84,711,2026-08-13T17:00:38.844309
20260813170631142911,,train_self_cure:load,0.0901,135.48,739,2026-08-13T17:06:31.142939
20260813170631142911,500,train_self_cure:feature,0.3466,161.69,,2026-08-13T17:06:31.235975
20260813170946397106,,train_initial:load,0.0896,140.56,2918,2026-08-13T17:09:46.397129
20260813170946397106,2000,train_initial:feature,0.9119,248.36,2918,2026-08-13T17:09:46.487749
20260813170946397106,2000,train_initial:train,4.5084,259.16,2918,2026-08-13T17:09:47.399924
20260813170946397106,2000,train_initial:register,0.0067,259.16,,2026-08-13T17:09:51.909820
20260813170953040200,,train_self_cure:load,0.0903,141.7,2918,2026-08-13T17:09:53.040223
20260813170953040200,2000,train_self_cure:feature,0.9717,266.23,184,2026-08-13T17:09:53.131182
20260813170953040200,2000,train_self_cure:train,1.0383,273.91,184,2026-08-13T17:09:54.103205
20260813170953040200,2000,train_self_cure:register,0.0056,274.02,,2026-08-13T17:09:55.142603
20260813170956232209,,train_roll_forward:load,0.0902,142.39,2918,2026-08-13T17:09:56.232232
20260813170956232209,2000,train_roll_forward:feature,0.9124,252.61,2876,2026-08-13T17:09:56.323091
20260813170956232209,2000,train_roll_forward:train,3.8502,263.11,2876,2026-08-13T17:09:57.235819
20260813170956232209,2000,train_roll_forward:register,0.0062,263.22,,2026-08-13T17:10:01.087413
20260813171002194776,,train_ptp_success:load,0.0904,141.48,2918,2026-08-13T17:10:02.194797
20260813171002194776,2000,train_ptp_success:feature,0.9124,257.12,2416,2026-08-13T17:10:02.285916
20260813171002194776,2000,train_ptp_success:train,3.2133,266.72,2416,2026-08-13T17:10:03.198755
20260813171002194776,2000,train_ptp_success:register,0.0056,266.92,,2026-08-13T17:10:06.413343
20260813171007001088,,load_contract,0.0758,89.33,2817,2026-08-13T17:10:07.001113
20260813171007001088,1962,load_customer,0.0074,89.48,2000,2026-08-13T17:10:07.077164
20260813171007001088,1962,load_cbs,0.015,90.12,2000,2026-08-13T17:10:07.084772
20260813171007001088,1962,feature_contract_chunked,0.7316,200.45,2817,2026-08-13T17:10:07.099904
20260813171007001088,1962,enrich_and_fill,0.0084,200.72,2817,2026-08-13T17:10:07.832076
20260813171007001088,1962,score_contracts,0.6303,233.7,2817,2026-08-13T17:10:07.840752
20260813171007001088,1962,confidence_level,0.0058,233.72,2817,2026-08-13T17:10:08.471309
20260813171007001088,1962,business_rules,0.0197,233.72,2817,2026-08-13T17:10:08.477257
20260813171007001088,1962,restructuring_assessment,2.9478,252.08,,2026-08-13T17:10:08.497112
20260813171007001088,1962,quality_check,0.0045,252.08,,2026-08-13T17:10:11.445226
20260813171007001088,1962,persist_output,0.1327,252.08,2817,2026-08-13T17:10:11.449945
20260813171701701267,,train_self_cure:load,0.1102,140.33,2918,2026-08-13T17:17:01.701293
20260813171701701267,2000,train_self_cure:feature,1.003,246.25,184,2026-08-13T17:17:01.818437
20260813171701701267,2000,train_self_cure:train,1.0673,253.0,184,2026-08-13T17:17:02.821743
20260813171701701267,2000,train_self_cure:register,0.0062,253.12,,2026-08-13T17:17:03.890710
20260813172448385449,,train_initial:load,0.1385,153.34,7305,2026-08-13T17:24:48.385472
20260813172448385449,5000,train_initial:feature,2.1689,413.0,7305,2026-08-13T17:24:48.525667
20260813172448385449,5000,train_initial:train,6.1737,413.0,7305,2026-08-13T17:24:50.694942
20260813172448385449,5000,train_initial:register,0.0068,413.0,,2026-08-13T17:24:56.870231
20260813172458250852,,train_self_cure:load,0.1313,152.53,7305,2026-08-13T17:24:58.250877
20260813172458250852,5000,train_self_cure:feature,2.2093,424.59,496,2026-08-13T17:24:58.383139
20260813172458250852,5000,train_self_cure:train,1.112,424.59,496,2026-08-13T17:25:00.592900
20260813172458250852,5000,train_self_cure:register,0.0057,424.59,,2026-08-13T17:25:01.706036
20260813172502775680,,train_roll_forward:load,0.1346,152.2,7305,2026-08-13T17:25:02.775702
20260813172502775680,5000,train_roll_forward:feature,2.1261,425.02,7176,2026-08-13T17:25:02.911377
20260813172502775680,5000,train_roll_forward:train,5.0683,434.88,7176,2026-08-13T17:25:05.037778
20260813172502775680,5000,train_roll_forward:register,0.0067,434.88,,2026-08-13T17:25:10.107606
20260813172511321514,,train_ptp_success:load,0.1349,153.72,7305,2026-08-13T17:25:11.321536
20260813172511321514,5000,train_ptp_success:feature,2.1206,411.64,6100,2026-08-13T17:25:11.457452
20260813172511321514,5000,train_ptp_success:train,4.1416,421.88,6100,2026-08-13T17:25:13.578439
20260813172511321514,5000,train_ptp_success:register,0.0065,422.09,,2026-08-13T17:25:17.721373
20260813172518332166,,load_contract,0.1136,100.23,7004,2026-08-13T17:25:18.332190
20260813172518332166,4871,load_customer,0.0286,101.42,5000,2026-08-13T17:25:18.445992
20260813172518332166,4871,load_cbs,0.0364,102.64,5000,2026-08-13T17:25:18.474796
20260813172518332166,4871,feature_contract_chunked,1.7648,361.19,7004,2026-08-13T17:25:18.511383
20260813172518332166,4871,enrich_and_fill,0.0179,361.23,7004,2026-08-13T17:25:20.276959
20260813172518332166,4871,score_contracts,0.8919,361.67,7004,2026-08-13T17:25:20.295192
20260813172518332166,4871,confidence_level,0.0069,361.67,7004,2026-08-13T17:25:21.187371
20260813172518332166,4871,business_rules,0.0418,361.67,7004,2026-08-13T17:25:21.194448
20260813172518332166,4871,restructuring_assessment,6.8554,361.67,,2026-08-13T17:25:21.236558
20260813172518332166,4871,quality_check,0.0076,361.67,,2026-08-13T17:25:28.092785
20260813172518332166,4871,persist_output,0.3255,361.67,7004,2026-08-13T17:25:28.100604
20260813172539288576,,train_self_cure:load,0.1388,151.39,7305,2026-08-13T17:25:39.288601
20260813172539288576,5000,train_self_cure:feature,2.2194,402.33,496,2026-08-13T17:25:39.428379
20260813172539288576,5000,train_self_cure:train,1.152,404.47,496,2026-08-13T17:25:41.648162
20260813172539288576,5000,train_self_cure:register,0.0064,404.47,,2026-08-13T17:25:42.801287
20260813172612102384,,train_self_cure:load,0.1493,152.11,7305,2026-08-13T17:26:12.102408
20260813172612102384,5000,train_self_cure:feature,2.2308,397.92,496,2026-08-13T17:26:12.255108
20260813172612102384,5000,train_self_cure:train,1.1385,398.7,496,2026-08-13T17:26:14.486179
20260813172612102384,5000,train_self_cure:register,0.0059,398.7,,2026-08-13T17:26:15.625857
20260813172729037744,,train_initial:load,0.2261,169.81,14604,2026-08-13T17:27:29.037775
20260813172729037744,10000,train_initial:feature,4.3539,451.3,14604,2026-08-13T17:27:29.266125
20260813172729037744,10000,train_initial:train,10.057,451.3,14604,2026-08-13T17:27:33.620509
20260813172729037744,10000,train_initial:register,0.0095,451.3,,2026-08-13T17:27:43.681641
20260813172745047214,,train_self_cure:load,0.2386,170.53,14604,2026-08-13T17:27:45.047236
20260813172745047214,10000,train_self_cure:feature,4.294,451.08,965,2026-08-13T17:27:45.287399
20260813172745047214,10000,train_self_cure:train,1.556,451.08,965,2026-08-13T17:27:49.581924
20260813172745047214,10000,train_self_cure:register,0.0055,451.08,,2026-08-13T17:27:51.139174
20260813172752456063,,train_roll_forward:load,0.2287,172.19,14604,2026-08-13T17:27:52.456086
20260813172752456063,10000,train_roll_forward:feature,4.2531,497.52,14358,2026-08-13T17:27:52.686410
20260813172752456063,10000,train_roll_forward:train,6.6758,507.27,14358,2026-08-13T17:27:56.940038
20260813172752456063,10000,train_roll_forward:register,0.0064,507.27,,2026-08-13T17:28:03.618616
20260813172804963614,,train_ptp_success:load,0.2265,170.86,14604,2026-08-13T17:28:04.963637
20260813172804963614,10000,train_ptp_success:feature,4.2807,487.88,12168,2026-08-13T17:28:05.191723
20260813172804963614,10000,train_ptp_success:train,5.5127,487.88,12168,2026-08-13T17:28:09.472789
20260813172804963614,10000,train_ptp_success:register,0.007,487.88,,2026-08-13T17:28:14.987132
20260813172815742528,,load_contract,0.1873,117.03,14023,2026-08-13T17:28:15.742555
20260813172815742528,9747,load_customer,0.031,118.52,10000,2026-08-13T17:28:15.930026
20260813172815742528,9747,load_cbs,0.0658,121.02,10000,2026-08-13T17:28:15.961245
20260813172815742528,9747,feature_contract_chunked,3.4558,416.89,14023,2026-08-13T17:28:16.027319
20260813172815742528,9747,enrich_and_fill,0.0223,416.94,14023,2026-08-13T17:28:19.484191
20260813172815742528,9747,score_contracts,0.8441,426.42,14023,2026-08-13T17:28:19.506779
20260813172815742528,9747,confidence_level,0.0105,426.42,14023,2026-08-13T17:28:20.351215
20260813172815742528,9747,business_rules,0.0529,426.42,14023,2026-08-13T17:28:20.362030
20260813172815742528,9747,restructuring_assessment,14.0639,426.42,,2026-08-13T17:28:20.415233
20260813172815742528,9747,quality_check,0.0152,426.42,,2026-08-13T17:28:34.479693
20260813172815742528,9747,persist_output,0.6517,426.42,14023,2026-08-13T17:28:34.495197
20260813172847115210,,train_self_cure:load,0.2369,168.02,14604,2026-08-13T17:28:47.115238
20260813172847115210,10000,train_self_cure:feature,4.4093,465.38,965,2026-08-13T17:28:47.355748
20260813172847115210,10000,train_self_cure:train,1.6082,467.34,965,2026-08-13T17:28:51.765377
20260813172847115210,10000,train_self_cure:register,0.0064,467.34,,2026-08-13T17:28:53.375519
20260813173457858299,,train_initial:load,0.2365,175.25,14604,2026-08-13T17:34:57.858320
20260813173457858299,10000,train_initial:feature,4.3586,453.41,14604,2026-08-13T17:34:58.097152
20260813173457858299,10000,train_initial:train,8.1083,462.95,14604,2026-08-13T17:35:02.456170
20260813173457858299,10000,train_initial:register,0.007,462.95,,2026-08-13T17:35:10.567695
20260813173511832915,,train_self_cure:load,0.2313,171.41,14604,2026-08-13T17:35:11.832938
20260813173511832915,10000,train_self_cure:feature,4.2739,471.53,965,2026-08-13T17:35:12.065837
20260813173511832915,10000,train_self_cure:train,1.5544,471.53,965,2026-08-13T17:35:16.340095
20260813173511832915,10000,train_self_cure:register,0.0058,471.53,,2026-08-13T17:35:17.895567
20260813173519156594,,train_roll_forward:load,0.2267,171.41,14604,2026-08-13T17:35:19.156618
20260813173519156594,10000,train_roll_forward:feature,4.6254,455.31,14358,2026-08-13T17:35:19.384892
20260813173519156594,10000,train_roll_forward:train,6.6057,459.73,14358,2026-08-13T17:35:24.010573
20260813173519156594,10000,train_roll_forward:register,0.0065,459.73,,2026-08-13T17:35:30.618578
20260813173532000256,,train_ptp_success:load,0.2238,171.66,14604,2026-08-13T17:35:32.000281
20260813173532000256,10000,train_ptp_success:feature,4.4019,467.69,12168,2026-08-13T17:35:32.225670
20260813173532000256,10000,train_ptp_success:train,6.1854,468.17,12168,2026-08-13T17:35:36.627932
20260813173532000256,10000,train_ptp_success:register,0.0081,468.17,,2026-08-13T17:35:42.815080
20260813173543553873,,load_contract,0.1871,116.95,14023,2026-08-13T17:35:43.553897
20260813173543553873,9747,load_customer,0.0279,117.22,10000,2026-08-13T17:35:43.741220
20260813173543553873,9747,load_cbs,0.0639,120.17,10000,2026-08-13T17:35:43.769462
20260813173543553873,9747,feature_contract_chunked,3.5822,376.75,14023,2026-08-13T17:35:43.833693
20260813173543553873,9747,enrich_and_fill,0.0252,376.75,14023,2026-08-13T17:35:47.416293
20260813173543553873,9747,score_contracts,0.8395,382.59,14023,2026-08-13T17:35:47.441785
20260813173543553873,9747,confidence_level,0.0097,382.59,14023,2026-08-13T17:35:48.281617
20260813173543553873,9747,business_rules,0.0519,382.59,14023,2026-08-13T17:35:48.291677
20260813173543553873,9747,restructuring_assessment,13.4436,394.83,,2026-08-13T17:35:48.343856
20260813173543553873,9747,quality_check,0.0155,394.83,,2026-08-13T17:36:01.788592
20260813173543553873,9747,persist_output,0.7014,394.83,14023,2026-08-13T17:36:01.804315
20260813173752858210,,load_contract,0.1846,117.62,14023,2026-08-13T17:37:52.858234
20260813173752858210,9747,load_customer,0.0277,120.06,10000,2026-08-13T17:37:53.043687
20260813173752858210,9747,load_cbs,0.0609,122.81,10000,2026-08-13T17:37:53.071617
20260813173752858210,9747,feature_contract_chunked,3.7008,376.75,14023,2026-08-13T17:37:53.132804
20260813173752858210,9747,enrich_and_fill,0.0234,377.06,14023,2026-08-13T17:37:56.834000
20260813173752858210,9747,score_contracts,1.1179,382.55,14023,2026-08-13T17:37:56.857671
20260813173752858210,9747,confidence_level,0.0098,382.55,14023,2026-08-13T17:37:57.975768
20260813173752858210,9747,business_rules,0.049,382.55,14023,2026-08-13T17:37:57.985744
20260813173752858210,9747,restructuring_assessment,13.737,418.95,,2026-08-13T17:37:58.034960
20260813173752858210,9747,quality_check,0.0156,418.95,,2026-08-13T17:38:11.772730
20260813173752858210,9747,persist_output,0.658,418.95,14023,2026-08-13T17:38:11.788540
